variant,endpoint,iteration,tls_handshake_ms,ttfb_ms,total_ms,size_bytes
classic,api/direct,1,8.175,10.251,10.304,2
classic,api/direct,2,7.292,9.501,9.565,2
classic,api/direct,3,9.117,11.591,11.655,2
classic,api/direct,4,7.949,10.697,10.767,2
classic,api/direct,5,6.387,8.745,8.803,2
classic,api/direct,6,7.386,10.037,10.103,2
classic,api/direct,7,10.003,12.063,12.128,2
classic,api/direct,8,13.455,15.304,15.373,2
classic,api/direct,9,8.86,11.01,11.08,2
classic,api/direct,10,8.837,10.593,10.658,2
classic,api/direct,11,9.638,12.477,12.546,2
classic,api/direct,12,8.994,10.932,10.996,2
classic,api/direct,13,11.033,13.325,13.391,2
classic,api/direct,14,7.156,9.643,9.697,2
classic,api/direct,15,10.005,12.557,12.624,2
classic,api/direct,16,8.235,10.695,10.764,2
classic,api/direct,17,8.466,10.838,10.914,2
classic,api/direct,18,8.204,10.086,10.146,2
classic,api/direct,19,7.96,9.779,9.844,2
classic,api/direct,20,13.347,24.319,24.385,2
classic,api/direct,21,11.129,13.676,13.748,2
classic,api/direct,22,9.702,11.679,11.757,2
classic,api/direct,23,8.326,10.123,10.184,2
classic,api/direct,24,10.387,12.606,12.786,2
classic,api/direct,25,13.23,19.833,19.889,2
classic,api/direct,26,8.319,10.864,10.918,2
classic,api/direct,27,10.282,13.394,13.462,2
classic,api/direct,28,7.433,9.482,9.548,2
classic,api/direct,29,7.952,9.982,10.06,2
classic,api/direct,30,10.031,14.6,14.687,2
classic,api/direct,31,7.559,9.433,9.498,2
classic,api/direct,32,10.261,15.355,15.425,2
classic,api/direct,33,8.365,10.617,10.682,2
classic,api/direct,34,9.564,11.466,11.529,2
classic,api/direct,35,9.706,11.665,11.727,2
classic,api/direct,36,8.035,9.823,9.887,2
classic,api/direct,37,8.71,11.148,11.215,2
classic,api/direct,38,6.822,8.716,8.768,2
classic,api/direct,39,8.345,11.433,11.515,2
classic,api/direct,40,9.337,11.419,11.501,2
classic,api/direct,41,6.42,8.128,8.187,2
classic,api/direct,42,7.822,9.569,9.636,2
classic,api/direct,43,7.951,11.368,11.43,2
classic,api/direct,44,8.323,10.332,10.394,2
classic,api/direct,45,7.987,10.249,10.313,2
classic,api/direct,46,6.706,8.752,8.822,2
classic,api/direct,47,6.761,8.735,8.8,2
classic,api/direct,48,7.172,9.26,9.32,2
classic,api/direct,49,7.749,10.013,10.068,2
classic,api/direct,50,7.63,9.581,9.651,2
classic,api/direct,51,7.035,8.812,8.863,2
classic,api/direct,52,7.432,9.339,9.387,2
classic,api/direct,53,6.72,8.556,8.63,2
classic,api/direct,54,7.039,8.815,8.974,2
classic,api/direct,55,7.671,9.49,9.552,2
classic,api/direct,56,7.764,9.888,9.956,2
classic,api/direct,57,6.804,8.841,8.89,2
classic,api/direct,58,6.48,8.411,8.465,2
classic,api/direct,59,7.409,9.348,9.409,2
classic,api/direct,60,7.839,9.65,9.711,2
classic,api/direct,61,8.337,10.226,10.282,2
classic,api/direct,62,7.894,9.918,9.983,2
classic,api/direct,63,6.655,8.433,8.482,2
classic,api/direct,64,8.419,10.408,10.475,2
classic,api/direct,65,7.972,9.765,9.832,2
classic,api/direct,66,7.764,9.531,9.612,2
classic,api/direct,67,7.937,9.651,9.715,2
classic,api/direct,68,8.349,9.836,9.9,2
classic,api/direct,69,8.336,10.6,10.66,2
classic,api/direct,70,8.148,10.083,10.144,2
classic,api/direct,71,8.476,10.181,10.246,2
classic,api/direct,72,7.214,9.185,9.247,2
classic,api/direct,73,8.219,9.934,9.996,2
classic,api/direct,74,8.093,10.424,10.484,2
classic,api/direct,75,7.898,9.605,9.67,2
classic,api/direct,76,8.645,10.538,10.601,2
classic,api/direct,77,8.37,10.26,10.327,2
classic,api/direct,78,7.545,12.099,12.168,2
classic,api/direct,79,7.051,8.937,8.997,2
classic,api/direct,80,7.237,8.978,9.03,2
classic,api/direct,81,8.073,10.139,10.192,2
classic,api/direct,82,7.504,9.591,9.644,2
classic,api/direct,83,17.543,19.318,19.378,2
classic,api/direct,84,6.983,8.705,8.763,2
classic,api/direct,85,7.865,9.682,9.745,2
classic,api/direct,86,10.223,11.724,11.796,2
classic,api/direct,87,7.005,9.229,9.293,2
classic,api/direct,88,8.991,10.612,10.665,2
classic,api/direct,89,6.61,7.864,7.938,2
classic,api/direct,90,6.691,8.218,8.268,2
classic,api/direct,91,6.922,8.486,8.546,2
classic,api/direct,92,7.058,8.564,8.638,2
classic,api/direct,93,8.071,9.572,9.659,2
classic,api/direct,94,7.032,8.393,8.457,2
classic,api/direct,95,6.614,7.941,8.004,2
classic,api/direct,96,6.443,7.888,7.948,2
classic,api/direct,97,7.036,8.692,8.753,2
classic,api/direct,98,7.113,8.744,8.82,2
classic,api/direct,99,7.329,8.949,9.012,2
classic,api/direct,100,8.511,10.12,10.185,2
classic,api/direct,101,7.5,8.861,8.921,2
classic,api/direct,102,8.139,9.747,9.806,2
classic,api/direct,103,8.218,9.78,9.842,2
classic,api/direct,104,6.495,8.088,8.152,2
classic,api/direct,105,7.571,9.162,9.235,2
classic,api/direct,106,7.307,8.784,8.844,2
classic,api/direct,107,6.943,8.333,8.41,2
classic,api/direct,108,7.801,9.265,9.327,2
classic,api/direct,109,8.071,9.258,9.317,2
classic,api/direct,110,8.007,9.315,9.374,2
classic,api/direct,111,7.806,9.424,9.485,2
classic,api/direct,112,7.839,9.379,9.439,2
classic,api/direct,113,6.923,8.523,8.579,2
classic,api/direct,114,8.485,10.301,10.381,2
classic,api/direct,115,8.167,9.997,10.062,2
classic,api/direct,116,6.964,8.51,8.562,2
classic,api/direct,117,7.051,8.465,8.525,2
classic,api/direct,118,6.772,8.057,8.115,2
classic,api/direct,119,7.108,8.492,8.553,2
classic,api/direct,120,6.005,7.424,7.491,2
classic,api/direct,121,7.107,8.557,8.606,2
classic,api/direct,122,8.226,9.638,9.702,2
classic,api/direct,123,7.72,9.076,9.148,2
classic,api/direct,124,7.66,9.031,9.093,2
classic,api/direct,125,7.715,9.235,9.3,2
classic,api/direct,126,8.455,10.158,10.225,2
classic,api/direct,127,7.773,9.257,9.32,2
classic,api/direct,128,8.237,9.625,9.687,2
classic,api/direct,129,5.637,7.039,7.177,2
classic,api/direct,130,6.724,8.139,8.202,2
classic,api/direct,131,6.152,7.542,7.594,2
classic,api/direct,132,7.098,8.479,8.543,2
classic,api/direct,133,6.495,7.944,8.035,2
classic,api/direct,134,7.061,8.589,8.64,2
classic,api/direct,135,6.154,7.472,7.527,2
classic,api/direct,136,6.894,8.417,8.466,2
classic,api/direct,137,7.123,8.498,8.555,2
classic,api/direct,138,7.584,9.021,9.074,2
classic,api/direct,139,7.363,8.94,9.003,2
classic,api/direct,140,7.217,8.609,8.659,2
classic,api/direct,141,5.808,7.181,7.239,2
classic,api/direct,142,6.659,7.913,7.964,2
classic,api/direct,143,7.084,8.65,8.71,2
classic,api/direct,144,7.415,9.135,9.209,2
classic,api/direct,145,7.69,9.104,9.174,2
classic,api/direct,146,7.594,9.059,9.191,2
classic,api/direct,147,5.607,6.798,6.846,2
classic,api/direct,148,6.019,7.377,7.435,2
classic,api/direct,149,6.057,7.398,7.448,2
classic,api/direct,150,7.244,8.582,8.64,2
classic,api/direct,151,6.468,7.895,7.956,2
classic,api/direct,152,7.115,8.694,8.761,2
classic,api/direct,153,6.417,7.712,7.763,2
classic,api/direct,154,7.118,8.475,8.525,2
classic,api/direct,155,7.774,9.299,9.375,2
classic,api/direct,156,7.975,9.349,9.409,2
classic,api/direct,157,7.824,9.371,9.433,2
classic,api/direct,158,9.098,10.788,10.866,2
classic,api/direct,159,6.807,8.124,8.177,2
classic,api/direct,160,5.648,7.052,7.111,2
classic,api/direct,161,6.848,8.654,8.714,2
classic,api/direct,162,7.28,8.791,8.845,2
classic,api/direct,163,6.817,8.05,8.108,2
classic,api/direct,164,6.496,7.925,7.976,2
classic,api/direct,165,8.099,9.763,9.827,2
classic,api/direct,166,7.749,9.171,9.233,2
classic,api/direct,167,7.538,8.957,9.139,2
classic,api/direct,168,8.445,10.012,10.089,2
classic,api/direct,169,7.723,9.123,9.183,2
classic,api/direct,170,7.363,8.917,8.975,2
classic,api/direct,171,7.771,9.182,9.245,2
classic,api/direct,172,7.517,8.902,8.963,2
classic,api/direct,173,8.591,9.984,10.046,2
classic,api/direct,174,7.77,9.328,9.389,2
classic,api/direct,175,7.648,9.499,9.56,2
classic,api/direct,176,6.039,7.59,7.654,2
classic,api/direct,177,7.619,9.137,9.204,2
classic,api/direct,178,8.925,10.383,10.446,2
classic,api/direct,179,7.602,9.09,9.152,2
classic,api/direct,180,7.78,9.378,9.44,2
classic,api/direct,181,7.857,9.636,9.715,2
classic,api/direct,182,8.686,10.059,10.124,2
classic,api/direct,183,8.235,9.597,9.654,2
classic,api/direct,184,8.204,9.657,9.724,2
classic,api/direct,185,8.711,10.113,10.195,2
classic,api/direct,186,8.525,10.109,10.189,2
classic,api/direct,187,6.893,8.681,8.743,2
classic,api/direct,188,8.301,9.922,10.021,2
classic,api/direct,189,9.063,10.486,10.537,2
classic,api/direct,190,7.597,9.407,9.472,2
classic,api/direct,191,6.372,8.164,8.239,2
classic,api/direct,192,7.318,9.011,9.074,2
classic,api/direct,193,7.256,8.601,8.684,2
classic,api/direct,194,7.587,9.108,9.161,2
classic,api/direct,195,8.009,9.597,9.676,2
classic,api/direct,196,7.744,9.189,9.253,2
classic,api/direct,197,7.089,8.397,8.449,2
classic,api/direct,198,6.026,7.417,7.472,2
classic,api/direct,199,7.448,9.035,9.101,2
classic,api/direct,200,7.605,9.114,9.177,2
hybrid,api/direct,1,7.359,9.235,9.304,2
hybrid,api/direct,2,15.748,17.227,17.288,2
hybrid,api/direct,3,14.362,16.287,16.35,2
hybrid,api/direct,4,9.106,10.797,10.858,2
hybrid,api/direct,5,7.352,9.105,9.17,2
hybrid,api/direct,6,9.057,10.546,10.612,2
hybrid,api/direct,7,16.835,21.33,21.405,2
hybrid,api/direct,8,9.5,11.126,11.189,2
hybrid,api/direct,9,6.576,8.142,8.209,2
hybrid,api/direct,10,7.568,9.061,9.114,2
hybrid,api/direct,11,8.648,10.716,10.787,2
hybrid,api/direct,12,7.069,8.847,8.912,2
hybrid,api/direct,13,8.01,12.933,12.992,2
hybrid,api/direct,14,7.72,9.137,9.198,2
hybrid,api/direct,15,11.731,15.557,15.619,2
hybrid,api/direct,16,12.075,13.831,13.888,2
hybrid,api/direct,17,11.258,12.947,13.012,2
hybrid,api/direct,18,9.862,11.866,11.918,2
hybrid,api/direct,19,8.946,10.607,10.683,2
hybrid,api/direct,20,8.108,9.752,9.823,2
hybrid,api/direct,21,8.473,10.246,10.3,2
hybrid,api/direct,22,8.496,11.414,11.482,2
hybrid,api/direct,23,7.525,13.594,13.654,2
hybrid,api/direct,24,7.882,9.69,9.748,2
hybrid,api/direct,25,8.659,10.299,10.363,2
hybrid,api/direct,26,7.608,9.148,9.217,2
hybrid,api/direct,27,7.393,9.196,9.259,2
hybrid,api/direct,28,8.257,9.912,9.962,2
hybrid,api/direct,29,6.638,8.171,8.221,2
hybrid,api/direct,30,7.504,8.996,9.046,2
hybrid,api/direct,31,7.507,8.935,8.986,2
hybrid,api/direct,32,7.318,8.734,8.809,2
hybrid,api/direct,33,7.587,9.603,9.663,2
hybrid,api/direct,34,7.98,9.494,9.547,2
hybrid,api/direct,35,6.25,7.677,7.736,2
hybrid,api/direct,36,8.314,10.056,10.112,2
hybrid,api/direct,37,7.754,9.665,9.725,2
hybrid,api/direct,38,8.127,9.766,9.823,2
hybrid,api/direct,39,8.673,10.31,10.368,2
hybrid,api/direct,40,6.508,8.404,8.507,2
hybrid,api/direct,41,7.139,8.527,8.585,2
hybrid,api/direct,42,8.414,10.373,10.432,2
hybrid,api/direct,43,9.802,11.386,11.437,2
hybrid,api/direct,44,8.277,10.076,10.144,2
hybrid,api/direct,45,7.923,9.334,9.396,2
hybrid,api/direct,46,7.132,8.255,8.304,2
hybrid,api/direct,47,7.79,9.082,9.139,2
hybrid,api/direct,48,8.366,10.161,10.222,2
hybrid,api/direct,49,8.078,9.493,9.549,2
hybrid,api/direct,50,8.207,9.704,9.762,2
hybrid,api/direct,51,6.915,8.083,8.193,2
hybrid,api/direct,52,6.552,7.816,7.867,2
hybrid,api/direct,53,6.936,8.165,8.208,2
hybrid,api/direct,54,6.773,8.341,8.403,2
hybrid,api/direct,55,8.2,9.913,9.988,2
hybrid,api/direct,56,7.686,9.309,9.358,2
hybrid,api/direct,57,7.509,8.931,8.987,2
hybrid,api/direct,58,7.174,8.719,8.788,2
hybrid,api/direct,59,8.38,9.834,9.899,2
hybrid,api/direct,60,7.944,9.484,9.551,2
hybrid,api/direct,61,8.718,10.09,10.145,2
hybrid,api/direct,62,8.188,9.535,9.593,2
hybrid,api/direct,63,7.864,9.218,9.272,2
hybrid,api/direct,64,8.352,9.85,9.908,2
hybrid,api/direct,65,8.087,10.504,10.566,2
hybrid,api/direct,66,8.166,9.852,9.917,2
hybrid,api/direct,67,7.798,9.137,9.193,2
hybrid,api/direct,68,7.604,8.979,9.032,2
hybrid,api/direct,69,6.272,7.686,7.755,2
hybrid,api/direct,70,6.406,7.885,8.014,2
hybrid,api/direct,71,8.795,10.35,10.411,2
hybrid,api/direct,72,7.243,8.806,8.869,2
hybrid,api/direct,73,6.7,7.96,8.011,2
hybrid,api/direct,74,6.644,8.067,8.117,2
hybrid,api/direct,75,6.838,8.298,8.358,2
hybrid,api/direct,76,8.283,9.746,9.803,2
hybrid,api/direct,77,8.456,9.985,10.043,2
hybrid,api/direct,78,7.152,18.074,18.127,2
hybrid,api/direct,79,8.428,9.957,10.024,2
hybrid,api/direct,80,7.585,8.855,8.911,2
hybrid,api/direct,81,8.508,9.976,10.035,2
hybrid,api/direct,82,8.733,10.583,10.647,2
hybrid,api/direct,83,9.163,10.698,10.757,2
hybrid,api/direct,84,7.82,9.41,9.463,2
hybrid,api/direct,85,7.719,9.079,9.128,2
hybrid,api/direct,86,7.188,8.824,8.875,2
hybrid,api/direct,87,7.905,9.5,9.56,2
hybrid,api/direct,88,8.261,10.067,10.129,2
hybrid,api/direct,89,8.463,9.964,10.037,2
hybrid,api/direct,90,8.033,9.41,9.469,2
hybrid,api/direct,91,6.784,9.067,9.131,2
hybrid,api/direct,92,8.059,9.464,9.526,2
hybrid,api/direct,93,8.054,9.53,9.594,2
hybrid,api/direct,94,8.142,9.593,9.656,2
hybrid,api/direct,95,8.073,9.948,10.018,2
hybrid,api/direct,96,5.973,7.363,7.457,2
hybrid,api/direct,97,8.012,9.669,9.732,2
hybrid,api/direct,98,7.563,9.09,9.173,2
hybrid,api/direct,99,8.737,10.452,10.53,2
hybrid,api/direct,100,9.512,11.19,11.252,2
hybrid,api/direct,101,7.777,9.371,9.43,2
hybrid,api/direct,102,6.838,8.391,8.465,2
hybrid,api/direct,103,6.721,8.348,8.395,2
hybrid,api/direct,104,7.108,8.605,8.656,2
hybrid,api/direct,105,7.414,8.97,9.046,2
hybrid,api/direct,106,8.468,10.791,10.86,2
hybrid,api/direct,107,7.731,9.253,9.313,2
hybrid,api/direct,108,6.744,8.188,8.253,2
hybrid,api/direct,109,8.459,9.927,9.987,2
hybrid,api/direct,110,7.881,9.396,9.452,2
hybrid,api/direct,111,8.535,12.213,12.28,2
hybrid,api/direct,112,9.065,10.693,10.745,2
hybrid,api/direct,113,7.351,8.906,8.959,2
hybrid,api/direct,114,8.171,9.844,9.907,2
hybrid,api/direct,115,6.455,7.893,7.949,2
hybrid,api/direct,116,12.178,13.547,13.599,2
hybrid,api/direct,117,7.018,27.854,27.925,2
hybrid,api/direct,118,6.815,8.58,8.631,2
hybrid,api/direct,119,6.487,7.788,7.843,2
hybrid,api/direct,120,7.382,8.96,9.02,2
hybrid,api/direct,121,7.172,8.348,8.395,2
hybrid,api/direct,122,6.344,7.585,7.632,2
hybrid,api/direct,123,6.015,7.32,7.377,2
hybrid,api/direct,124,7.101,8.604,8.663,2
hybrid,api/direct,125,7.37,8.865,8.916,2
hybrid,api/direct,126,6.75,8.284,8.343,2
hybrid,api/direct,127,6.646,8.025,8.099,2
hybrid,api/direct,128,6.079,7.333,7.382,2
hybrid,api/direct,129,8.119,9.632,9.691,2
hybrid,api/direct,130,7.665,8.973,9.021,2
hybrid,api/direct,131,6.548,8.559,8.606,2
hybrid,api/direct,132,7.828,9.331,9.38,2
hybrid,api/direct,133,6.517,8.022,8.087,2
hybrid,api/direct,134,6.413,7.866,7.922,2
hybrid,api/direct,135,6.984,8.514,8.576,2
hybrid,api/direct,136,8.586,10.061,10.121,2
hybrid,api/direct,137,7.893,9.445,9.503,2
hybrid,api/direct,138,8.143,9.603,9.67,2
hybrid,api/direct,139,8.067,9.522,9.573,2
hybrid,api/direct,140,7.484,8.859,8.921,2
hybrid,api/direct,141,8.146,9.602,9.662,2
hybrid,api/direct,142,7.035,8.32,8.371,2
hybrid,api/direct,143,7.107,8.543,8.606,2
hybrid,api/direct,144,8.277,9.738,9.803,2
hybrid,api/direct,145,6.303,7.665,7.725,2
hybrid,api/direct,146,6.382,7.88,7.947,2
hybrid,api/direct,147,6.879,8.27,8.324,2
hybrid,api/direct,148,6.746,8.088,8.143,2
hybrid,api/direct,149,6.444,7.74,7.796,2
hybrid,api/direct,150,7.381,9.052,9.111,2
hybrid,api/direct,151,6.595,7.967,8.019,2
hybrid,api/direct,152,6.604,8.111,8.161,2
hybrid,api/direct,153,7.276,8.672,8.721,2
hybrid,api/direct,154,7.506,8.845,8.903,2
hybrid,api/direct,155,7.842,9.482,9.545,2
hybrid,api/direct,156,8.008,9.506,9.566,2
hybrid,api/direct,157,7.869,9.333,9.391,2
hybrid,api/direct,158,8.3,9.958,10.009,2
hybrid,api/direct,159,6.952,8.291,8.348,2
hybrid,api/direct,160,6.517,7.942,7.995,2
hybrid,api/direct,161,6.618,8.043,8.092,2
hybrid,api/direct,162,6.353,7.597,7.648,2
hybrid,api/direct,163,7.444,8.913,8.962,2
hybrid,api/direct,164,7.897,9.301,9.352,2
hybrid,api/direct,165,6.079,7.439,7.489,2
hybrid,api/direct,166,6.406,7.83,7.887,2
hybrid,api/direct,167,7.948,9.223,9.279,2
hybrid,api/direct,168,7.857,9.28,9.34,2
hybrid,api/direct,169,8.106,9.56,9.618,2
hybrid,api/direct,170,7.462,9.062,9.12,2
hybrid,api/direct,171,6.984,8.301,8.35,2
hybrid,api/direct,172,6.867,8.186,8.25,2
hybrid,api/direct,173,6.284,7.5,7.551,2
hybrid,api/direct,174,6.453,7.744,7.79,2
hybrid,api/direct,175,7.04,8.611,8.749,2
hybrid,api/direct,176,7.559,8.976,9.032,2
hybrid,api/direct,177,8.128,9.649,9.713,2
hybrid,api/direct,178,8.376,9.844,9.906,2
hybrid,api/direct,179,8.586,9.964,10.011,2
hybrid,api/direct,180,7.312,9.074,9.12,2
hybrid,api/direct,181,7.315,8.729,8.777,2
hybrid,api/direct,182,7.419,8.786,8.843,2
hybrid,api/direct,183,5.999,7.305,7.362,2
hybrid,api/direct,184,6.074,7.19,7.236,2
hybrid,api/direct,185,7.48,9.146,9.206,2
hybrid,api/direct,186,8.619,10.04,10.092,2
hybrid,api/direct,187,6.822,8.157,8.215,2
hybrid,api/direct,188,6.976,8.633,8.69,2
hybrid,api/direct,189,7.604,8.978,9.034,2
hybrid,api/direct,190,8.186,9.563,9.62,2
hybrid,api/direct,191,8.299,9.687,9.748,2
hybrid,api/direct,192,7.806,9.269,9.325,2
hybrid,api/direct,193,6.423,7.804,7.853,2
hybrid,api/direct,194,6.405,7.817,7.877,2
hybrid,api/direct,195,6.182,7.56,7.611,2
hybrid,api/direct,196,7.284,8.837,8.902,2
hybrid,api/direct,197,7.126,8.448,8.504,2
hybrid,api/direct,198,8.755,10.477,10.542,2
hybrid,api/direct,199,8.371,9.861,9.925,2
hybrid,api/direct,200,8.347,10.011,10.075,2
classic,api/payload/1kb,1,7.1,27.827,27.882,1024
classic,api/payload/1kb,2,6.102,7.355,7.405,1024
classic,api/payload/1kb,3,6.457,7.909,7.959,1024
classic,api/payload/1kb,4,6.321,7.826,7.879,1024
classic,api/payload/1kb,5,6.292,7.706,7.767,1024
classic,api/payload/1kb,6,7.825,9.333,9.413,1024
classic,api/payload/1kb,7,7.344,8.653,8.709,1024
classic,api/payload/1kb,8,7.363,8.878,8.936,1024
classic,api/payload/1kb,9,7.667,9.059,9.213,1024
classic,api/payload/1kb,10,7.594,8.908,8.968,1024
classic,api/payload/1kb,11,7.666,9.351,9.411,1024
classic,api/payload/1kb,12,8.189,9.742,9.805,1024
classic,api/payload/1kb,13,6.34,7.787,7.836,1024
classic,api/payload/1kb,14,7.053,8.545,8.625,1024
classic,api/payload/1kb,15,6.782,8.468,8.522,1024
classic,api/payload/1kb,16,9.056,10.748,10.825,1024
classic,api/payload/1kb,17,8.643,10.108,10.234,1024
classic,api/payload/1kb,18,7.056,8.586,8.637,1024
classic,api/payload/1kb,19,7.23,8.682,8.743,1024
classic,api/payload/1kb,20,7.276,8.793,8.852,1024
classic,api/payload/1kb,21,7.526,8.95,9.009,1024
classic,api/payload/1kb,22,7.878,9.327,9.443,1024
classic,api/payload/1kb,23,6.679,8.24,8.291,1024
classic,api/payload/1kb,24,6.979,8.522,8.583,1024
classic,api/payload/1kb,25,8.043,12.601,12.676,1024
classic,api/payload/1kb,26,7.267,8.449,8.501,1024
classic,api/payload/1kb,27,6.059,7.449,7.5,1024
classic,api/payload/1kb,28,6.964,8.152,8.211,1024
classic,api/payload/1kb,29,7.001,8.594,8.649,1024
classic,api/payload/1kb,30,5.465,6.701,6.749,1024
classic,api/payload/1kb,31,5.902,7.391,7.451,1024
classic,api/payload/1kb,32,6.786,8.072,8.125,1024
classic,api/payload/1kb,33,6.803,8.541,8.609,1024
classic,api/payload/1kb,34,6.128,7.613,7.673,1024
classic,api/payload/1kb,35,7.452,9.119,9.173,1024
classic,api/payload/1kb,36,6.86,8.439,8.508,1024
classic,api/payload/1kb,37,7.119,8.671,8.731,1024
classic,api/payload/1kb,38,7.101,9.505,9.571,1024
classic,api/payload/1kb,39,8.416,9.949,10.011,1024
classic,api/payload/1kb,40,11.903,14.525,14.656,1024
classic,api/payload/1kb,41,8.081,9.69,9.756,1024
classic,api/payload/1kb,42,6.327,7.829,7.893,1024
classic,api/payload/1kb,43,8.306,10.027,10.096,1024
classic,api/payload/1kb,44,7.942,9.734,9.803,1024
classic,api/payload/1kb,45,8.584,10.385,10.448,1024
classic,api/payload/1kb,46,7.297,8.893,8.957,1024
classic,api/payload/1kb,47,8.143,9.664,9.727,1024
classic,api/payload/1kb,48,8.041,9.512,9.592,1024
classic,api/payload/1kb,49,8.641,10.271,10.338,1024
classic,api/payload/1kb,50,7.251,8.762,8.821,1024
classic,api/payload/1kb,51,8.462,10.348,10.404,1024
classic,api/payload/1kb,52,6.69,8.311,8.365,1024
classic,api/payload/1kb,53,6.29,7.876,7.939,1024
classic,api/payload/1kb,54,8.342,9.942,10.021,1024
classic,api/payload/1kb,55,6.885,8.708,8.77,1024
classic,api/payload/1kb,56,8.139,9.877,9.947,1024
classic,api/payload/1kb,57,8.684,10.356,10.42,1024
classic,api/payload/1kb,58,6.904,8.509,8.575,1024
classic,api/payload/1kb,59,7.266,9.228,9.29,1024
classic,api/payload/1kb,60,6.896,8.467,8.528,1024
classic,api/payload/1kb,61,7.57,9.324,9.389,1024
classic,api/payload/1kb,62,6.207,7.623,7.678,1024
classic,api/payload/1kb,63,6.78,13.696,13.757,1024
classic,api/payload/1kb,64,6.024,7.491,7.542,1024
classic,api/payload/1kb,65,6.493,7.858,7.908,1024
classic,api/payload/1kb,66,6.89,8.295,8.361,1024
classic,api/payload/1kb,67,7.682,10.219,10.286,1024
classic,api/payload/1kb,68,8.001,9.574,9.637,1024
classic,api/payload/1kb,69,7.897,10.041,10.106,1024
classic,api/payload/1kb,70,6.942,8.424,8.483,1024
classic,api/payload/1kb,71,7.388,8.743,8.819,1024
classic,api/payload/1kb,72,7.678,9.05,9.113,1024
classic,api/payload/1kb,73,8.029,9.499,9.562,1024
classic,api/payload/1kb,74,8.567,10.114,10.177,1024
classic,api/payload/1kb,75,7.918,9.52,9.574,1024
classic,api/payload/1kb,76,7.203,8.683,8.734,1024
classic,api/payload/1kb,77,8.963,10.42,10.483,1024
classic,api/payload/1kb,78,7.213,8.887,8.959,1024
classic,api/payload/1kb,79,7.676,14.167,14.222,1024
classic,api/payload/1kb,80,7.422,8.932,8.992,1024
classic,api/payload/1kb,81,6.097,7.404,7.471,1024
classic,api/payload/1kb,82,7.362,8.795,8.855,1024
classic,api/payload/1kb,83,7.433,8.897,8.959,1024
classic,api/payload/1kb,84,7.668,9.166,9.229,1024
classic,api/payload/1kb,85,7.497,8.975,9.052,1024
classic,api/payload/1kb,86,7.709,9.031,9.092,1024
classic,api/payload/1kb,87,5.786,7.056,7.106,1024
classic,api/payload/1kb,88,5.559,6.977,7.028,1024
classic,api/payload/1kb,89,7.475,8.854,8.927,1024
classic,api/payload/1kb,90,8.047,9.536,9.603,1024
classic,api/payload/1kb,91,7.667,9.469,9.537,1024
classic,api/payload/1kb,92,6.091,7.896,7.957,1024
classic,api/payload/1kb,93,6.984,8.885,8.945,1024
classic,api/payload/1kb,94,7.319,8.93,8.994,1024
classic,api/payload/1kb,95,6.286,7.778,7.851,1024
classic,api/payload/1kb,96,7.101,8.637,8.691,1024
classic,api/payload/1kb,97,6.897,8.618,8.682,1024
classic,api/payload/1kb,98,6.602,8.147,8.199,1024
classic,api/payload/1kb,99,7.647,9.304,9.367,1024
classic,api/payload/1kb,100,9.024,10.51,10.577,1024
classic,api/payload/1kb,101,8.753,10.471,10.544,1024
classic,api/payload/1kb,102,8.439,9.923,9.976,1024
classic,api/payload/1kb,103,6.895,8.577,8.63,1024
classic,api/payload/1kb,104,9.001,10.516,10.571,1024
classic,api/payload/1kb,105,6.498,8.033,8.088,1024
classic,api/payload/1kb,106,7.745,10.856,10.93,1024
classic,api/payload/1kb,107,7.341,8.933,8.999,1024
classic,api/payload/1kb,108,7.196,8.845,8.902,1024
classic,api/payload/1kb,109,7.13,8.824,8.875,1024
classic,api/payload/1kb,110,6.822,8.466,8.52,1024
classic,api/payload/1kb,111,7.231,8.645,8.707,1024
classic,api/payload/1kb,112,7.569,8.958,9.024,1024
classic,api/payload/1kb,113,7.756,9.121,9.184,1024
classic,api/payload/1kb,114,9.195,10.9,10.96,1024
classic,api/payload/1kb,115,6.542,8.092,8.15,1024
classic,api/payload/1kb,116,7.064,8.629,8.704,1024
classic,api/payload/1kb,117,8.582,11.154,11.21,1024
classic,api/payload/1kb,118,7.275,8.9,8.973,1024
classic,api/payload/1kb,119,7.518,9.088,9.155,1024
classic,api/payload/1kb,120,7.68,9.168,9.233,1024
classic,api/payload/1kb,121,8.065,9.539,9.59,1024
classic,api/payload/1kb,122,6.494,8.207,8.271,1024
classic,api/payload/1kb,123,7.473,9.104,9.166,1024
classic,api/payload/1kb,124,7.995,9.51,9.563,1024
classic,api/payload/1kb,125,8.255,9.879,9.933,1024
classic,api/payload/1kb,126,6.745,8.264,8.316,1024
classic,api/payload/1kb,127,6.68,8.285,8.355,1024
classic,api/payload/1kb,128,7.389,9.143,9.211,1024
classic,api/payload/1kb,129,8.135,9.694,9.761,1024
classic,api/payload/1kb,130,7.13,8.89,8.942,1024
classic,api/payload/1kb,131,8.228,10.074,10.134,1024
classic,api/payload/1kb,132,7.503,9.409,9.468,1024
classic,api/payload/1kb,133,7.533,9.021,9.084,1024
classic,api/payload/1kb,134,7.892,9.388,9.443,1024
classic,api/payload/1kb,135,6.495,7.965,8.031,1024
classic,api/payload/1kb,136,7.549,9.141,9.205,1024
classic,api/payload/1kb,137,7.211,10.404,10.471,1024
classic,api/payload/1kb,138,7.688,9.107,9.17,1024
classic,api/payload/1kb,139,7.41,9.008,9.076,1024
classic,api/payload/1kb,140,7.419,9.039,9.111,1024
classic,api/payload/1kb,141,7.853,10.786,10.848,1024
classic,api/payload/1kb,142,6.987,9.188,9.25,1024
classic,api/payload/1kb,143,5.942,7.311,7.374,1024
classic,api/payload/1kb,144,6.893,8.939,9.001,1024
classic,api/payload/1kb,145,8.192,9.649,9.73,1024
classic,api/payload/1kb,146,8.812,10.542,10.607,1024
classic,api/payload/1kb,147,7.846,10.083,10.144,1024
classic,api/payload/1kb,148,6.834,8.195,8.255,1024
classic,api/payload/1kb,149,8.087,16.486,16.556,1024
classic,api/payload/1kb,150,7.284,9.253,9.321,1024
classic,api/payload/1kb,151,7.514,10.611,10.681,1024
classic,api/payload/1kb,152,8.789,10.36,10.423,1024
classic,api/payload/1kb,153,8.288,9.811,9.871,1024
classic,api/payload/1kb,154,8.948,11.259,11.326,1024
classic,api/payload/1kb,155,8.705,11.069,11.126,1024
classic,api/payload/1kb,156,8.119,9.926,9.996,1024
classic,api/payload/1kb,157,7.573,9.089,9.17,1024
classic,api/payload/1kb,158,6.87,8.45,8.504,1024
classic,api/payload/1kb,159,7.624,9.034,9.101,1024
classic,api/payload/1kb,160,7.206,9.17,9.238,1024
classic,api/payload/1kb,161,8.229,10.13,10.263,1024
classic,api/payload/1kb,162,7.973,9.703,9.767,1024
classic,api/payload/1kb,163,7.821,9.406,9.472,1024
classic,api/payload/1kb,164,8.11,9.387,9.464,1024
classic,api/payload/1kb,165,9.203,11.777,11.844,1024
classic,api/payload/1kb,166,7.771,9.616,9.686,1024
classic,api/payload/1kb,167,6.973,8.612,8.666,1024
classic,api/payload/1kb,168,6.689,8.216,8.265,1024
classic,api/payload/1kb,169,6.36,7.762,7.816,1024
classic,api/payload/1kb,170,7.133,8.839,8.906,1024
classic,api/payload/1kb,171,7.23,8.63,8.696,1024
classic,api/payload/1kb,172,7.938,9.746,9.813,1024
classic,api/payload/1kb,173,8.3,10.067,10.127,1024
classic,api/payload/1kb,174,10.133,11.801,11.861,1024
classic,api/payload/1kb,175,8.154,9.997,10.052,1024
classic,api/payload/1kb,176,7.331,9.136,9.203,1024
classic,api/payload/1kb,177,9.578,11.265,11.329,1024
classic,api/payload/1kb,178,9.562,11.831,11.894,1024
classic,api/payload/1kb,179,8.132,9.984,10.056,1024
classic,api/payload/1kb,180,7.174,8.697,8.751,1024
classic,api/payload/1kb,181,7.111,8.898,8.967,1024
classic,api/payload/1kb,182,7.041,9.862,9.925,1024
classic,api/payload/1kb,183,7.958,9.757,9.826,1024
classic,api/payload/1kb,184,7.335,8.941,8.998,1024
classic,api/payload/1kb,185,6.268,7.946,8.019,1024
classic,api/payload/1kb,186,7.217,8.747,8.813,1024
classic,api/payload/1kb,187,6.292,8.07,8.136,1024
classic,api/payload/1kb,188,7.797,9.912,9.967,1024
classic,api/payload/1kb,189,8.564,9.982,10.052,1024
classic,api/payload/1kb,190,7.544,8.974,9.035,1024
classic,api/payload/1kb,191,8.029,9.646,9.713,1024
classic,api/payload/1kb,192,7.662,9.072,9.158,1024
classic,api/payload/1kb,193,8.979,10.718,10.771,1024
classic,api/payload/1kb,194,7.466,9.101,9.186,1024
classic,api/payload/1kb,195,7.674,9.949,10.007,1024
classic,api/payload/1kb,196,7.066,8.569,8.633,1024
classic,api/payload/1kb,197,8.063,10.119,10.284,1024
classic,api/payload/1kb,198,9.022,10.712,10.77,1024
classic,api/payload/1kb,199,6.838,8.365,8.432,1024
classic,api/payload/1kb,200,6.875,10.6,10.674,1024
hybrid,api/payload/1kb,1,7.902,9.574,9.633,1024
hybrid,api/payload/1kb,2,8.167,9.771,9.828,1024
hybrid,api/payload/1kb,3,8.632,9.955,10.031,1024
hybrid,api/payload/1kb,4,9.036,10.54,10.611,1024
hybrid,api/payload/1kb,5,8.278,9.819,9.885,1024
hybrid,api/payload/1kb,6,7.719,9.355,9.425,1024
hybrid,api/payload/1kb,7,8.52,10.481,10.547,1024
hybrid,api/payload/1kb,8,8.751,10.671,10.74,1024
hybrid,api/payload/1kb,9,7.262,8.988,9.044,1024
hybrid,api/payload/1kb,10,7.807,9.429,9.492,1024
hybrid,api/payload/1kb,11,6.891,8.507,8.57,1024
hybrid,api/payload/1kb,12,8.963,10.668,10.731,1024
hybrid,api/payload/1kb,13,6.718,8.144,8.199,1024
hybrid,api/payload/1kb,14,7.007,8.612,8.663,1024
hybrid,api/payload/1kb,15,8.014,9.721,9.78,1024
hybrid,api/payload/1kb,16,7.185,9.009,9.073,1024
hybrid,api/payload/1kb,17,8.158,10.063,10.151,1024
hybrid,api/payload/1kb,18,9.321,10.899,10.977,1024
hybrid,api/payload/1kb,19,8.411,20.731,20.799,1024
hybrid,api/payload/1kb,20,6.578,8.262,8.315,1024
hybrid,api/payload/1kb,21,7.659,9.203,9.253,1024
hybrid,api/payload/1kb,22,7.847,9.288,9.343,1024
hybrid,api/payload/1kb,23,7.216,8.553,8.605,1024
hybrid,api/payload/1kb,24,7.003,8.489,8.542,1024
hybrid,api/payload/1kb,25,8.508,10.079,10.146,1024
hybrid,api/payload/1kb,26,7.092,9.212,9.281,1024
hybrid,api/payload/1kb,27,8.298,10.245,10.33,1024
hybrid,api/payload/1kb,28,7.982,9.705,9.782,1024
hybrid,api/payload/1kb,29,7.649,9.252,9.305,1024
hybrid,api/payload/1kb,30,7.628,9.307,9.38,1024
hybrid,api/payload/1kb,31,7.949,9.55,9.635,1024
hybrid,api/payload/1kb,32,9.829,11.443,11.519,1024
hybrid,api/payload/1kb,33,8.867,10.426,10.509,1024
hybrid,api/payload/1kb,34,7.679,9.51,9.562,1024
hybrid,api/payload/1kb,35,6.684,8.272,8.334,1024
hybrid,api/payload/1kb,36,7.154,8.642,8.693,1024
hybrid,api/payload/1kb,37,6.795,8.265,8.32,1024
hybrid,api/payload/1kb,38,6.943,8.705,8.768,1024
hybrid,api/payload/1kb,39,7.595,9.024,9.1,1024
hybrid,api/payload/1kb,40,6.83,8.549,8.601,1024
hybrid,api/payload/1kb,41,6.585,8.103,8.158,1024
hybrid,api/payload/1kb,42,7.606,9.429,9.491,1024
hybrid,api/payload/1kb,43,7.615,10.109,10.187,1024
hybrid,api/payload/1kb,44,8.03,9.326,9.409,1024
hybrid,api/payload/1kb,45,8.565,10.186,10.261,1024
hybrid,api/payload/1kb,46,6.776,8.441,8.504,1024
hybrid,api/payload/1kb,47,8.585,10.306,10.373,1024
hybrid,api/payload/1kb,48,8.43,10.097,10.179,1024
hybrid,api/payload/1kb,49,8.168,9.882,9.952,1024
hybrid,api/payload/1kb,50,7.45,9.108,9.177,1024
hybrid,api/payload/1kb,51,6.655,8.011,8.068,1024
hybrid,api/payload/1kb,52,6.981,8.434,8.491,1024
hybrid,api/payload/1kb,53,6.776,8.131,8.18,1024
hybrid,api/payload/1kb,54,7.059,8.422,8.475,1024
hybrid,api/payload/1kb,55,8.384,9.891,9.954,1024
hybrid,api/payload/1kb,56,7.77,9.03,9.092,1024
hybrid,api/payload/1kb,57,7.544,9.164,9.219,1024
hybrid,api/payload/1kb,58,7.934,9.283,9.34,1024
hybrid,api/payload/1kb,59,7.999,9.62,9.695,1024
hybrid,api/payload/1kb,60,7.875,9.522,9.593,1024
hybrid,api/payload/1kb,61,8.25,9.57,9.635,1024
hybrid,api/payload/1kb,62,6.41,8.083,8.155,1024
hybrid,api/payload/1kb,63,6.614,7.915,7.967,1024
hybrid,api/payload/1kb,64,6.732,8.236,8.296,1024
hybrid,api/payload/1kb,65,7.206,8.796,8.849,1024
hybrid,api/payload/1kb,66,6.518,7.917,8.038,1024
hybrid,api/payload/1kb,67,7.589,9.024,9.091,1024
hybrid,api/payload/1kb,68,6.768,8.35,8.427,1024
hybrid,api/payload/1kb,69,6.642,8.125,8.185,1024
hybrid,api/payload/1kb,70,6.713,8.156,8.216,1024
hybrid,api/payload/1kb,71,6.293,7.673,7.726,1024
hybrid,api/payload/1kb,72,6.988,8.311,8.376,1024
hybrid,api/payload/1kb,73,7.991,9.557,9.605,1024
hybrid,api/payload/1kb,74,8.215,9.83,9.895,1024
hybrid,api/payload/1kb,75,7.429,8.979,9.042,1024
hybrid,api/payload/1kb,76,6.562,8.054,8.114,1024
hybrid,api/payload/1kb,77,8.064,9.523,9.585,1024
hybrid,api/payload/1kb,78,7.371,8.928,8.993,1024
hybrid,api/payload/1kb,79,6.579,8.052,8.106,1024
hybrid,api/payload/1kb,80,7.191,8.726,8.787,1024
hybrid,api/payload/1kb,81,6.4,7.771,7.824,1024
hybrid,api/payload/1kb,82,6.156,7.591,7.666,1024
hybrid,api/payload/1kb,83,6.277,7.682,7.742,1024
hybrid,api/payload/1kb,84,8.234,11.582,11.635,1024
hybrid,api/payload/1kb,85,7.85,9.409,9.47,1024
hybrid,api/payload/1kb,86,7.362,8.885,8.94,1024
hybrid,api/payload/1kb,87,6.711,8.042,8.094,1024
hybrid,api/payload/1kb,88,7.208,8.848,8.925,1024
hybrid,api/payload/1kb,89,7.533,9.079,9.13,1024
hybrid,api/payload/1kb,90,6.982,8.335,8.385,1024
hybrid,api/payload/1kb,91,6.942,8.545,8.606,1024
hybrid,api/payload/1kb,92,6.786,8.246,8.307,1024
hybrid,api/payload/1kb,93,6.854,8.494,8.559,1024
hybrid,api/payload/1kb,94,6.871,8.341,8.394,1024
hybrid,api/payload/1kb,95,8.578,10.01,10.073,1024
hybrid,api/payload/1kb,96,7.431,8.947,9.09,1024
hybrid,api/payload/1kb,97,7.179,8.533,8.596,1024
hybrid,api/payload/1kb,98,7.426,8.978,9.04,1024
hybrid,api/payload/1kb,99,7.446,8.825,8.885,1024
hybrid,api/payload/1kb,100,8.057,9.518,9.576,1024
hybrid,api/payload/1kb,101,8.732,10.294,10.359,1024
hybrid,api/payload/1kb,102,7.517,8.958,9.015,1024
hybrid,api/payload/1kb,103,6.405,7.847,7.898,1024
hybrid,api/payload/1kb,104,7.123,8.496,8.548,1024
hybrid,api/payload/1kb,105,6.489,7.956,8.011,1024
hybrid,api/payload/1kb,106,7.795,9.38,9.441,1024
hybrid,api/payload/1kb,107,7.802,9.269,9.332,1024
hybrid,api/payload/1kb,108,8.124,21.038,21.102,1024
hybrid,api/payload/1kb,109,8.342,9.816,9.886,1024
hybrid,api/payload/1kb,110,6.811,8.059,8.108,1024
hybrid,api/payload/1kb,111,8.504,9.82,9.881,1024
hybrid,api/payload/1kb,112,8.505,9.734,9.799,1024
hybrid,api/payload/1kb,113,8.201,9.541,9.604,1024
hybrid,api/payload/1kb,114,7.823,9.266,9.327,1024
hybrid,api/payload/1kb,115,8.017,9.189,9.243,1024
hybrid,api/payload/1kb,116,6.519,7.72,7.769,1024
hybrid,api/payload/1kb,117,6.947,8.512,8.562,1024
hybrid,api/payload/1kb,118,7.13,8.533,8.584,1024
hybrid,api/payload/1kb,119,8.415,9.775,9.837,1024
hybrid,api/payload/1kb,120,8.04,9.282,9.343,1024
hybrid,api/payload/1kb,121,7.99,9.521,9.584,1024
hybrid,api/payload/1kb,122,8.456,10.086,10.147,1024
hybrid,api/payload/1kb,123,7.972,9.591,9.653,1024
hybrid,api/payload/1kb,124,8.066,9.577,9.64,1024
hybrid,api/payload/1kb,125,7.554,9.009,9.07,1024
hybrid,api/payload/1kb,126,7.584,9.109,9.172,1024
hybrid,api/payload/1kb,127,5.905,7.204,7.244,1024
hybrid,api/payload/1kb,128,7.101,8.484,8.546,1024
hybrid,api/payload/1kb,129,7.72,9.435,9.497,1024
hybrid,api/payload/1kb,130,6.475,8.06,8.127,1024
hybrid,api/payload/1kb,131,6.04,7.419,7.47,1024
hybrid,api/payload/1kb,132,7.009,8.328,8.377,1024
hybrid,api/payload/1kb,133,6.183,7.546,7.599,1024
hybrid,api/payload/1kb,134,6.893,8.107,8.168,1024
hybrid,api/payload/1kb,135,6.173,7.688,7.741,1024
hybrid,api/payload/1kb,136,6.409,7.975,8.034,1024
hybrid,api/payload/1kb,137,6.503,8.095,8.153,1024
hybrid,api/payload/1kb,138,8.233,9.893,9.958,1024
hybrid,api/payload/1kb,139,6.703,8.042,8.092,1024
hybrid,api/payload/1kb,140,6.371,7.939,7.99,1024
hybrid,api/payload/1kb,141,6.917,8.493,8.551,1024
hybrid,api/payload/1kb,142,6.981,8.797,8.851,1024
hybrid,api/payload/1kb,143,7.644,9.334,9.397,1024
hybrid,api/payload/1kb,144,7.758,9.344,9.404,1024
hybrid,api/payload/1kb,145,7.135,8.724,8.774,1024
hybrid,api/payload/1kb,146,8.004,9.489,9.548,1024
hybrid,api/payload/1kb,147,8.194,9.775,9.838,1024
hybrid,api/payload/1kb,148,7.513,9.081,9.15,1024
hybrid,api/payload/1kb,149,7.641,9.089,9.157,1024
hybrid,api/payload/1kb,150,7.308,8.797,8.862,1024
hybrid,api/payload/1kb,151,7.331,9.083,9.141,1024
hybrid,api/payload/1kb,152,6.963,8.46,8.539,1024
hybrid,api/payload/1kb,153,8.134,9.853,9.923,1024
hybrid,api/payload/1kb,154,9.055,10.587,10.654,1024
hybrid,api/payload/1kb,155,11.499,13.471,13.54,1024
hybrid,api/payload/1kb,156,9.29,11.232,11.296,1024
hybrid,api/payload/1kb,157,9.404,11.298,11.362,1024
hybrid,api/payload/1kb,158,8.476,10.118,10.171,1024
hybrid,api/payload/1kb,159,11.091,13.198,13.253,1024
hybrid,api/payload/1kb,160,9.056,10.742,10.806,1024
hybrid,api/payload/1kb,161,8.843,10.495,10.555,1024
hybrid,api/payload/1kb,162,7.939,10.551,10.615,1024
hybrid,api/payload/1kb,163,9.028,10.751,10.815,1024
hybrid,api/payload/1kb,164,9.778,13.05,13.116,1024
hybrid,api/payload/1kb,165,8.56,10.089,10.154,1024
hybrid,api/payload/1kb,166,7.078,8.798,8.86,1024
hybrid,api/payload/1kb,167,7.15,8.811,8.883,1024
hybrid,api/payload/1kb,168,8.453,10.128,10.19,1024
hybrid,api/payload/1kb,169,8.379,9.846,9.94,1024
hybrid,api/payload/1kb,170,8.298,9.911,9.983,1024
hybrid,api/payload/1kb,171,7.968,9.587,9.651,1024
hybrid,api/payload/1kb,172,7.859,9.878,9.928,1024
hybrid,api/payload/1kb,173,7.492,8.948,9.021,1024
hybrid,api/payload/1kb,174,7.414,9.332,9.384,1024
hybrid,api/payload/1kb,175,7.121,8.792,8.845,1024
hybrid,api/payload/1kb,176,6.964,8.493,8.558,1024
hybrid,api/payload/1kb,177,8.904,10.601,10.689,1024
hybrid,api/payload/1kb,178,8.421,11.093,11.165,1024
hybrid,api/payload/1kb,179,8.575,10.161,10.229,1024
hybrid,api/payload/1kb,180,8.837,10.291,10.357,1024
hybrid,api/payload/1kb,181,8.804,10.323,10.39,1024
hybrid,api/payload/1kb,182,7.972,9.636,9.698,1024
hybrid,api/payload/1kb,183,7.172,8.858,8.92,1024
hybrid,api/payload/1kb,184,8.918,10.638,10.706,1024
hybrid,api/payload/1kb,185,6.755,8.434,8.49,1024
hybrid,api/payload/1kb,186,7.794,9.337,9.4,1024
hybrid,api/payload/1kb,187,8.227,9.577,9.638,1024
hybrid,api/payload/1kb,188,7.495,11.357,11.425,1024
hybrid,api/payload/1kb,189,6.444,7.934,7.99,1024
hybrid,api/payload/1kb,190,7.909,9.359,9.423,1024
hybrid,api/payload/1kb,191,8.689,10.175,10.241,1024
hybrid,api/payload/1kb,192,8.531,10.198,10.256,1024
hybrid,api/payload/1kb,193,8.292,9.858,9.927,1024
hybrid,api/payload/1kb,194,8.1,9.659,9.713,1024
hybrid,api/payload/1kb,195,9.469,11.132,11.197,1024
hybrid,api/payload/1kb,196,7.314,8.628,8.679,1024
hybrid,api/payload/1kb,197,7.949,9.329,9.406,1024
hybrid,api/payload/1kb,198,7.498,9.06,9.113,1024
hybrid,api/payload/1kb,199,6.458,7.881,7.931,1024
hybrid,api/payload/1kb,200,6.136,7.541,7.59,1024
classic,api/payload/100kb,1,8.314,9.951,10.822,102400
classic,api/payload/100kb,2,9.549,11.337,12.002,102400
classic,api/payload/100kb,3,8.488,10.038,11.08,102400
classic,api/payload/100kb,4,7.929,10.046,10.831,102400
classic,api/payload/100kb,5,7.192,9.363,10.234,102400
classic,api/payload/100kb,6,7.555,9.072,10.006,102400
classic,api/payload/100kb,7,7.539,9.036,9.769,102400
classic,api/payload/100kb,8,7.827,9.442,10.648,102400
classic,api/payload/100kb,9,9.766,11.723,12.418,102400
classic,api/payload/100kb,10,7.489,9.752,10.321,102400
classic,api/payload/100kb,11,8.015,9.535,10.35,102400
classic,api/payload/100kb,12,9.978,11.703,12.79,102400
classic,api/payload/100kb,13,8.991,10.704,11.567,102400
classic,api/payload/100kb,14,8.532,10.321,11.217,102400
classic,api/payload/100kb,15,10.138,12.125,13.231,102400
classic,api/payload/100kb,16,7.699,9.45,10.425,102400
classic,api/payload/100kb,17,10.034,11.83,12.83,102400
classic,api/payload/100kb,18,6.064,7.959,8.91,102400
classic,api/payload/100kb,19,6.409,8.392,9.028,102400
classic,api/payload/100kb,20,7.915,9.64,10.891,102400
classic,api/payload/100kb,21,7.474,9.277,10.254,102400
classic,api/payload/100kb,22,8.447,10.13,11.208,102400
classic,api/payload/100kb,23,7.652,9.593,10.554,102400
classic,api/payload/100kb,24,9.505,11.13,12.001,102400
classic,api/payload/100kb,25,10.059,11.811,12.772,102400
classic,api/payload/100kb,26,9.335,10.929,11.587,102400
classic,api/payload/100kb,27,8.287,9.887,10.887,102400
classic,api/payload/100kb,28,9.884,11.749,12.583,102400
classic,api/payload/100kb,29,8.312,9.9,10.646,102400
classic,api/payload/100kb,30,7.458,9.176,9.879,102400
classic,api/payload/100kb,31,7.77,9.62,10.396,102400
classic,api/payload/100kb,32,8.361,9.855,10.563,102400
classic,api/payload/100kb,33,8.29,9.905,10.633,102400
classic,api/payload/100kb,34,8.315,9.849,10.846,102400
classic,api/payload/100kb,35,8.372,10.071,10.718,102400
classic,api/payload/100kb,36,8.173,9.727,10.564,102400
classic,api/payload/100kb,37,7.143,8.78,9.723,102400
classic,api/payload/100kb,38,7.49,9.015,10.144,102400
classic,api/payload/100kb,39,7.871,9.531,10.291,102400
classic,api/payload/100kb,40,8.963,11.151,11.954,102400
classic,api/payload/100kb,41,8.934,11.374,12.621,102400
classic,api/payload/100kb,42,9.682,11.493,12.979,102400
classic,api/payload/100kb,43,7.094,8.769,10.142,102400
classic,api/payload/100kb,44,7.498,9.075,9.887,102400
classic,api/payload/100kb,45,6.71,8.237,9.369,102400
classic,api/payload/100kb,46,7.457,9.399,10.245,102400
classic,api/payload/100kb,47,6.331,7.889,8.63,102400
classic,api/payload/100kb,48,5.615,7.644,8.421,102400
classic,api/payload/100kb,49,6.286,8.223,9.002,102400
classic,api/payload/100kb,50,5.733,7.391,8.453,102400
classic,api/payload/100kb,51,6.559,8.191,9.129,102400
classic,api/payload/100kb,52,6.275,7.999,8.888,102400
classic,api/payload/100kb,53,5.981,7.572,8.255,102400
classic,api/payload/100kb,54,7.58,9.307,9.989,102400
classic,api/payload/100kb,55,7.305,9.1,10.003,102400
classic,api/payload/100kb,56,7.923,9.914,10.991,102400
classic,api/payload/100kb,57,6.752,8.316,9.36,102400
classic,api/payload/100kb,58,7.689,9.259,10.292,102400
classic,api/payload/100kb,59,5.184,7.786,8.596,102400
classic,api/payload/100kb,60,7.501,8.988,10.308,102400
classic,api/payload/100kb,61,6.145,7.929,8.799,102400
classic,api/payload/100kb,62,7.32,8.716,9.967,102400
classic,api/payload/100kb,63,6.843,8.805,9.656,102400
classic,api/payload/100kb,64,8.237,9.84,11.177,102400
classic,api/payload/100kb,65,5.823,7.826,8.793,102400
classic,api/payload/100kb,66,6.711,8.79,9.652,102400
classic,api/payload/100kb,67,7.144,9.273,9.989,102400
classic,api/payload/100kb,68,7.601,9.161,10.079,102400
classic,api/payload/100kb,69,7.469,9.229,10.072,102400
classic,api/payload/100kb,70,7.303,8.963,9.902,102400
classic,api/payload/100kb,71,8.301,10.289,11.168,102400
classic,api/payload/100kb,72,7.814,9.768,10.582,102400
classic,api/payload/100kb,73,7.056,8.727,9.483,102400
classic,api/payload/100kb,74,6.184,7.783,8.761,102400
classic,api/payload/100kb,75,8.048,9.533,10.511,102400
classic,api/payload/100kb,76,6.854,8.884,9.692,102400
classic,api/payload/100kb,77,7.701,9.32,10.227,102400
classic,api/payload/100kb,78,8.093,9.773,10.566,102400
classic,api/payload/100kb,79,5.408,6.889,7.77,102400
classic,api/payload/100kb,80,6.481,8.291,8.911,102400
classic,api/payload/100kb,81,6.074,7.616,8.635,102400
classic,api/payload/100kb,82,6.981,8.677,9.741,102400
classic,api/payload/100kb,83,6.806,8.2,9.42,102400
classic,api/payload/100kb,84,6.409,8.183,8.97,102400
classic,api/payload/100kb,85,6.887,8.639,9.796,102400
classic,api/payload/100kb,86,7.9,9.456,10.564,102400
classic,api/payload/100kb,87,5.223,6.863,8.057,102400
classic,api/payload/100kb,88,6.1,7.715,8.457,102400
classic,api/payload/100kb,89,7.216,8.628,9.475,102400
classic,api/payload/100kb,90,7.889,9.654,10.398,102400
classic,api/payload/100kb,91,7.379,8.932,9.99,102400
classic,api/payload/100kb,92,6.787,8.483,9.516,102400
classic,api/payload/100kb,93,6.73,8.201,9.098,102400
classic,api/payload/100kb,94,6.202,8.03,8.896,102400
classic,api/payload/100kb,95,5.794,7.545,8.268,102400
classic,api/payload/100kb,96,6.586,8.199,9.222,102400
classic,api/payload/100kb,97,8.33,10.318,11.079,102400
classic,api/payload/100kb,98,6.773,8.55,9.565,102400
classic,api/payload/100kb,99,6.212,8.024,8.953,102400
classic,api/payload/100kb,100,7.941,9.72,10.656,102400
classic,api/payload/100kb,101,8.088,9.884,11.101,102400
classic,api/payload/100kb,102,6.156,8.005,8.713,102400
classic,api/payload/100kb,103,6.348,8.11,9.143,102400
classic,api/payload/100kb,104,7.681,9.498,10.301,102400
classic,api/payload/100kb,105,7.427,9.271,10.302,102400
classic,api/payload/100kb,106,6.614,8.357,9.217,102400
classic,api/payload/100kb,107,8.383,10.13,11.087,102400
classic,api/payload/100kb,108,7.988,9.784,10.785,102400
classic,api/payload/100kb,109,6.617,8.444,8.992,102400
classic,api/payload/100kb,110,10.124,11.827,12.667,102400
classic,api/payload/100kb,111,7.323,9.473,10.204,102400
classic,api/payload/100kb,112,8.732,10.519,11.341,102400
classic,api/payload/100kb,113,7.269,8.898,9.843,102400
classic,api/payload/100kb,114,8.462,10.196,11.115,102400
classic,api/payload/100kb,115,9.38,11.093,11.926,102400
classic,api/payload/100kb,116,9.033,10.798,11.762,102400
classic,api/payload/100kb,117,9.744,11.385,12.332,102400
classic,api/payload/100kb,118,8.628,10.601,11.319,102400
classic,api/payload/100kb,119,6.716,8.552,9.602,102400
classic,api/payload/100kb,120,5.905,7.936,8.502,102400
classic,api/payload/100kb,121,7.325,9.22,10.237,102400
classic,api/payload/100kb,122,6.979,8.916,9.868,102400
classic,api/payload/100kb,123,5.866,7.72,8.897,102400
classic,api/payload/100kb,124,6.122,7.546,8.904,102400
classic,api/payload/100kb,125,6.147,7.948,8.972,102400
classic,api/payload/100kb,126,6.378,7.969,8.798,102400
classic,api/payload/100kb,127,6.966,8.704,9.708,102400
classic,api/payload/100kb,128,6.7,8.364,9.14,102400
classic,api/payload/100kb,129,6.594,8.356,9.115,102400
classic,api/payload/100kb,130,8.351,10.065,11.513,102400
classic,api/payload/100kb,131,7.638,9.381,10.215,102400
classic,api/payload/100kb,132,7.0,8.434,10.091,102400
classic,api/payload/100kb,133,6.902,8.531,9.457,102400
classic,api/payload/100kb,134,7.481,9.405,10.112,102400
classic,api/payload/100kb,135,6.24,7.985,9.019,102400
classic,api/payload/100kb,136,7.723,9.22,10.074,102400
classic,api/payload/100kb,137,7.63,9.344,10.165,102400
classic,api/payload/100kb,138,7.702,11.216,12.251,102400
classic,api/payload/100kb,139,7.192,8.722,9.561,102400
classic,api/payload/100kb,140,6.837,8.455,9.112,102400
classic,api/payload/100kb,141,7.748,9.347,10.15,102400
classic,api/payload/100kb,142,7.525,8.946,9.923,102400
classic,api/payload/100kb,143,6.803,8.339,8.98,102400
classic,api/payload/100kb,144,7.122,8.661,9.507,102400
classic,api/payload/100kb,145,7.285,8.733,9.629,102400
classic,api/payload/100kb,146,7.628,9.175,10.005,102400
classic,api/payload/100kb,147,7.228,8.933,9.768,102400
classic,api/payload/100kb,148,6.983,8.424,9.306,102400
classic,api/payload/100kb,149,6.737,8.356,9.202,102400
classic,api/payload/100kb,150,7.605,9.383,9.992,102400
classic,api/payload/100kb,151,6.991,8.678,9.826,102400
classic,api/payload/100kb,152,6.969,8.388,9.291,102400
classic,api/payload/100kb,153,7.194,8.627,9.603,102400
classic,api/payload/100kb,154,5.81,7.416,8.293,102400
classic,api/payload/100kb,155,6.25,7.721,8.872,102400
classic,api/payload/100kb,156,6.415,8.136,8.822,102400
classic,api/payload/100kb,157,5.765,7.364,8.026,102400
classic,api/payload/100kb,158,6.14,7.849,8.668,102400
classic,api/payload/100kb,159,7.187,8.615,9.483,102400
classic,api/payload/100kb,160,6.086,10.501,11.16,102400
classic,api/payload/100kb,161,5.78,7.293,8.329,102400
classic,api/payload/100kb,162,6.967,8.448,9.593,102400
classic,api/payload/100kb,163,5.792,7.399,8.161,102400
classic,api/payload/100kb,164,5.629,7.122,8.207,102400
classic,api/payload/100kb,165,6.652,8.07,9.164,102400
classic,api/payload/100kb,166,6.416,8.443,9.171,102400
classic,api/payload/100kb,167,7.229,8.685,9.574,102400
classic,api/payload/100kb,168,8.277,9.962,10.716,102400
classic,api/payload/100kb,169,7.408,9.092,9.968,102400
classic,api/payload/100kb,170,7.195,8.807,9.583,102400
classic,api/payload/100kb,171,6.541,8.106,9.095,102400
classic,api/payload/100kb,172,5.439,6.94,7.974,102400
classic,api/payload/100kb,173,9.502,10.909,11.714,102400
classic,api/payload/100kb,174,10.696,12.321,13.059,102400
classic,api/payload/100kb,175,9.473,10.992,12.005,102400
classic,api/payload/100kb,176,8.785,10.193,11.273,102400
classic,api/payload/100kb,177,7.304,8.774,9.514,102400
classic,api/payload/100kb,178,6.487,8.103,8.846,102400
classic,api/payload/100kb,179,6.364,8.07,8.948,102400
classic,api/payload/100kb,180,7.293,8.996,9.611,102400
classic,api/payload/100kb,181,7.705,9.184,10.409,102400
classic,api/payload/100kb,182,6.239,8.081,8.792,102400
classic,api/payload/100kb,183,6.211,7.953,9.038,102400
classic,api/payload/100kb,184,6.206,7.646,8.489,102400
classic,api/payload/100kb,185,6.463,7.959,8.905,102400
classic,api/payload/100kb,186,5.61,7.172,8.105,102400
classic,api/payload/100kb,187,5.762,7.178,8.157,102400
classic,api/payload/100kb,188,5.832,7.734,8.592,102400
classic,api/payload/100kb,189,6.279,7.91,8.691,102400
classic,api/payload/100kb,190,6.071,7.621,8.688,102400
classic,api/payload/100kb,191,5.944,7.532,8.827,102400
classic,api/payload/100kb,192,7.336,8.919,9.947,102400
classic,api/payload/100kb,193,7.06,8.721,9.586,102400
classic,api/payload/100kb,194,7.075,8.562,9.417,102400
classic,api/payload/100kb,195,6.168,7.829,8.744,102400
classic,api/payload/100kb,196,5.989,7.471,8.222,102400
classic,api/payload/100kb,197,6.581,8.331,9.077,102400
classic,api/payload/100kb,198,7.705,9.241,9.954,102400
classic,api/payload/100kb,199,7.633,9.044,9.884,102400
classic,api/payload/100kb,200,7.336,8.828,9.587,102400
hybrid,api/payload/100kb,1,7.543,9.15,9.727,102400
hybrid,api/payload/100kb,2,6.493,11.335,12.45,102400
hybrid,api/payload/100kb,3,6.247,7.937,8.576,102400
hybrid,api/payload/100kb,4,6.691,8.579,9.463,102400
hybrid,api/payload/100kb,5,6.881,8.774,9.493,102400
hybrid,api/payload/100kb,6,6.37,8.129,8.925,102400
hybrid,api/payload/100kb,7,6.684,8.363,9.096,102400
hybrid,api/payload/100kb,8,6.351,7.973,8.615,102400
hybrid,api/payload/100kb,9,6.863,8.534,9.154,102400
hybrid,api/payload/100kb,10,5.892,7.585,8.333,102400
hybrid,api/payload/100kb,11,6.761,8.369,9.116,102400
hybrid,api/payload/100kb,12,7.296,8.924,9.596,102400
hybrid,api/payload/100kb,13,7.024,8.864,9.399,102400
hybrid,api/payload/100kb,14,7.024,8.595,9.166,102400
hybrid,api/payload/100kb,15,8.761,10.564,11.478,102400
hybrid,api/payload/100kb,16,9.189,11.091,11.741,102400
hybrid,api/payload/100kb,17,7.339,9.135,9.808,102400
hybrid,api/payload/100kb,18,7.413,9.169,10.069,102400
hybrid,api/payload/100kb,19,6.845,8.547,9.308,102400
hybrid,api/payload/100kb,20,6.874,8.224,8.977,102400
hybrid,api/payload/100kb,21,7.677,9.433,9.997,102400
hybrid,api/payload/100kb,22,5.837,7.246,7.851,102400
hybrid,api/payload/100kb,23,7.157,8.7,9.338,102400
hybrid,api/payload/100kb,24,6.659,8.23,9.004,102400
hybrid,api/payload/100kb,25,6.569,8.516,9.104,102400
hybrid,api/payload/100kb,26,6.535,8.01,8.584,102400
hybrid,api/payload/100kb,27,7.744,9.472,10.227,102400
hybrid,api/payload/100kb,28,6.577,7.973,8.56,102400
hybrid,api/payload/100kb,29,5.848,7.418,8.294,102400
hybrid,api/payload/100kb,30,6.649,8.307,8.843,102400
hybrid,api/payload/100kb,31,6.297,7.905,8.604,102400
hybrid,api/payload/100kb,32,6.735,8.239,9.368,102400
hybrid,api/payload/100kb,33,6.202,7.845,8.326,102400
hybrid,api/payload/100kb,34,6.236,7.805,8.301,102400
hybrid,api/payload/100kb,35,6.774,8.272,8.872,102400
hybrid,api/payload/100kb,36,6.334,7.805,8.364,102400
hybrid,api/payload/100kb,37,6.089,7.392,8.028,102400
hybrid,api/payload/100kb,38,7.111,8.533,9.322,102400
hybrid,api/payload/100kb,39,6.186,7.675,8.275,102400
hybrid,api/payload/100kb,40,7.209,8.537,9.166,102400
hybrid,api/payload/100kb,41,6.723,8.27,8.841,102400
hybrid,api/payload/100kb,42,6.111,7.636,8.246,102400
hybrid,api/payload/100kb,43,6.894,8.461,9.134,102400
hybrid,api/payload/100kb,44,6.304,8.071,8.891,102400
hybrid,api/payload/100kb,45,6.092,7.888,8.633,102400
hybrid,api/payload/100kb,46,6.941,8.404,9.225,102400
hybrid,api/payload/100kb,47,6.956,8.549,9.197,102400
hybrid,api/payload/100kb,48,6.433,8.163,8.9,102400
hybrid,api/payload/100kb,49,7.731,9.356,9.868,102400
hybrid,api/payload/100kb,50,8.363,9.896,10.797,102400
hybrid,api/payload/100kb,51,6.708,8.362,9.02,102400
hybrid,api/payload/100kb,52,8.324,9.708,10.545,102400
hybrid,api/payload/100kb,53,7.163,8.916,9.527,102400
hybrid,api/payload/100kb,54,6.744,8.247,8.856,102400
hybrid,api/payload/100kb,55,6.145,7.63,8.154,102400
hybrid,api/payload/100kb,56,6.96,8.564,9.123,102400
hybrid,api/payload/100kb,57,6.688,8.319,8.885,102400
hybrid,api/payload/100kb,58,6.26,7.818,8.293,102400
hybrid,api/payload/100kb,59,6.339,7.706,8.274,102400
hybrid,api/payload/100kb,60,7.977,9.628,10.245,102400
hybrid,api/payload/100kb,61,7.771,9.281,9.787,102400
hybrid,api/payload/100kb,62,7.572,9.299,9.868,102400
hybrid,api/payload/100kb,63,6.764,8.34,8.905,102400
hybrid,api/payload/100kb,64,6.038,7.37,8.182,102400
hybrid,api/payload/100kb,65,7.292,8.918,9.823,102400
hybrid,api/payload/100kb,66,6.84,8.324,8.887,102400
hybrid,api/payload/100kb,67,7.953,9.691,10.617,102400
hybrid,api/payload/100kb,68,6.66,8.298,9.058,102400
hybrid,api/payload/100kb,69,6.356,8.2,8.856,102400
hybrid,api/payload/100kb,70,6.246,7.916,8.788,102400
hybrid,api/payload/100kb,71,6.979,8.469,9.44,102400
hybrid,api/payload/100kb,72,6.571,8.075,8.61,102400
hybrid,api/payload/100kb,73,6.793,8.269,8.881,102400
hybrid,api/payload/100kb,74,6.957,8.59,9.265,102400
hybrid,api/payload/100kb,75,7.315,8.833,9.416,102400
hybrid,api/payload/100kb,76,7.734,9.173,9.765,102400
hybrid,api/payload/100kb,77,8.127,9.793,10.363,102400
hybrid,api/payload/100kb,78,8.34,9.883,10.565,102400
hybrid,api/payload/100kb,79,6.354,8.144,8.749,102400
hybrid,api/payload/100kb,80,5.541,7.017,7.568,102400
hybrid,api/payload/100kb,81,6.016,7.421,8.145,102400
hybrid,api/payload/100kb,82,6.22,7.797,8.306,102400
hybrid,api/payload/100kb,83,6.397,7.838,8.529,102400
hybrid,api/payload/100kb,84,6.59,8.096,8.815,102400
hybrid,api/payload/100kb,85,6.311,7.814,8.447,102400
hybrid,api/payload/100kb,86,5.937,7.597,8.187,102400
hybrid,api/payload/100kb,87,5.92,7.379,8.05,102400
hybrid,api/payload/100kb,88,6.171,7.837,8.61,102400
hybrid,api/payload/100kb,89,6.515,8.224,8.704,102400
hybrid,api/payload/100kb,90,6.995,8.422,9.051,102400
hybrid,api/payload/100kb,91,6.181,7.765,8.331,102400
hybrid,api/payload/100kb,92,6.713,8.469,9.17,102400
hybrid,api/payload/100kb,93,6.328,7.874,8.71,102400
hybrid,api/payload/100kb,94,7.814,9.333,10.083,102400
hybrid,api/payload/100kb,95,7.827,9.251,9.876,102400
hybrid,api/payload/100kb,96,7.609,9.136,9.592,102400
hybrid,api/payload/100kb,97,5.884,7.303,8.036,102400
hybrid,api/payload/100kb,98,6.363,7.818,8.411,102400
hybrid,api/payload/100kb,99,8.22,9.999,10.595,102400
hybrid,api/payload/100kb,100,8.182,9.616,10.296,102400
hybrid,api/payload/100kb,101,7.507,8.965,9.7,102400
hybrid,api/payload/100kb,102,8.195,9.646,10.297,102400
hybrid,api/payload/100kb,103,5.863,7.194,7.819,102400
hybrid,api/payload/100kb,104,7.49,9.109,10.069,102400
hybrid,api/payload/100kb,105,7.579,9.163,9.746,102400
hybrid,api/payload/100kb,106,7.616,9.254,9.946,102400
hybrid,api/payload/100kb,107,7.574,9.052,9.636,102400
hybrid,api/payload/100kb,108,7.207,8.608,9.124,102400
hybrid,api/payload/100kb,109,6.051,7.433,8.042,102400
hybrid,api/payload/100kb,110,7.666,9.281,9.824,102400
hybrid,api/payload/100kb,111,7.115,8.566,9.196,102400
hybrid,api/payload/100kb,112,6.707,8.313,9.065,102400
hybrid,api/payload/100kb,113,5.962,7.666,8.417,102400
hybrid,api/payload/100kb,114,5.838,7.286,7.963,102400
hybrid,api/payload/100kb,115,8.059,9.455,10.067,102400
hybrid,api/payload/100kb,116,8.346,10.229,11.136,102400
hybrid,api/payload/100kb,117,6.801,8.224,9.145,102400
hybrid,api/payload/100kb,118,7.108,8.571,9.421,102400
hybrid,api/payload/100kb,119,8.364,10.452,10.983,102400
hybrid,api/payload/100kb,120,7.101,8.781,9.447,102400
hybrid,api/payload/100kb,121,7.794,10.454,11.168,102400
hybrid,api/payload/100kb,122,5.939,7.246,7.966,102400
hybrid,api/payload/100kb,123,7.416,8.839,9.516,102400
hybrid,api/payload/100kb,124,7.297,8.789,9.489,102400
hybrid,api/payload/100kb,125,6.176,7.571,8.053,102400
hybrid,api/payload/100kb,126,6.003,7.49,8.032,102400
hybrid,api/payload/100kb,127,7.836,9.52,10.118,102400
hybrid,api/payload/100kb,128,6.074,7.494,8.026,102400
hybrid,api/payload/100kb,129,6.281,8.13,8.701,102400
hybrid,api/payload/100kb,130,6.272,7.859,8.529,102400
hybrid,api/payload/100kb,131,6.087,7.898,8.691,102400
hybrid,api/payload/100kb,132,6.163,8.25,8.925,102400
hybrid,api/payload/100kb,133,6.826,8.212,8.687,102400
hybrid,api/payload/100kb,134,6.147,8.137,8.819,102400
hybrid,api/payload/100kb,135,7.224,8.8,9.384,102400
hybrid,api/payload/100kb,136,7.506,8.997,11.592,102400
hybrid,api/payload/100kb,137,6.8,8.54,9.111,102400
hybrid,api/payload/100kb,138,6.15,7.654,8.591,102400
hybrid,api/payload/100kb,139,6.301,7.833,8.58,102400
hybrid,api/payload/100kb,140,6.288,7.791,8.421,102400
hybrid,api/payload/100kb,141,5.994,7.413,8.353,102400
hybrid,api/payload/100kb,142,6.705,7.944,8.873,102400
hybrid,api/payload/100kb,143,6.023,7.511,8.161,102400
hybrid,api/payload/100kb,144,6.473,8.272,8.866,102400
hybrid,api/payload/100kb,145,6.563,7.975,8.493,102400
hybrid,api/payload/100kb,146,6.58,8.035,8.742,102400
hybrid,api/payload/100kb,147,6.355,7.807,8.443,102400
hybrid,api/payload/100kb,148,5.881,7.504,7.967,102400
hybrid,api/payload/100kb,149,6.648,8.173,9.801,102400
hybrid,api/payload/100kb,150,7.575,9.243,9.86,102400
hybrid,api/payload/100kb,151,7.042,8.534,9.319,102400
hybrid,api/payload/100kb,152,7.655,9.303,10.135,102400
hybrid,api/payload/100kb,153,6.881,8.628,9.242,102400
hybrid,api/payload/100kb,154,6.689,8.328,9.265,102400
hybrid,api/payload/100kb,155,7.312,8.714,9.319,102400
hybrid,api/payload/100kb,156,8.789,10.235,10.788,102400
hybrid,api/payload/100kb,157,7.203,8.558,9.18,102400
hybrid,api/payload/100kb,158,6.058,7.48,8.15,102400
hybrid,api/payload/100kb,159,6.655,8.15,8.921,102400
hybrid,api/payload/100kb,160,6.414,7.895,8.638,102400
hybrid,api/payload/100kb,161,7.008,8.605,9.223,102400
hybrid,api/payload/100kb,162,5.834,7.123,8.118,102400
hybrid,api/payload/100kb,163,6.11,7.387,8.063,102400
hybrid,api/payload/100kb,164,6.663,8.538,9.315,102400
hybrid,api/payload/100kb,165,7.339,8.896,9.551,102400
hybrid,api/payload/100kb,166,7.552,8.942,9.519,102400
hybrid,api/payload/100kb,167,5.824,7.665,8.574,102400
hybrid,api/payload/100kb,168,6.044,7.566,8.49,102400
hybrid,api/payload/100kb,169,5.902,7.283,7.954,102400
hybrid,api/payload/100kb,170,5.943,7.48,8.216,102400
hybrid,api/payload/100kb,171,6.422,8.266,8.725,102400
hybrid,api/payload/100kb,172,6.947,8.448,9.635,102400
hybrid,api/payload/100kb,173,7.382,9.068,9.597,102400
hybrid,api/payload/100kb,174,6.472,7.975,8.624,102400
hybrid,api/payload/100kb,175,6.554,8.23,8.738,102400
hybrid,api/payload/100kb,176,6.618,8.012,8.594,102400
hybrid,api/payload/100kb,177,8.514,10.156,10.819,102400
hybrid,api/payload/100kb,178,8.325,9.949,11.02,102400
hybrid,api/payload/100kb,179,8.363,10.098,10.768,102400
hybrid,api/payload/100kb,180,6.263,7.832,8.466,102400
hybrid,api/payload/100kb,181,6.471,21.758,22.398,102400
hybrid,api/payload/100kb,182,7.905,9.437,10.128,102400
hybrid,api/payload/100kb,183,7.545,8.962,9.775,102400
hybrid,api/payload/100kb,184,7.813,9.282,10.103,102400
hybrid,api/payload/100kb,185,7.851,9.772,10.815,102400
hybrid,api/payload/100kb,186,8.295,9.936,10.484,102400
hybrid,api/payload/100kb,187,5.736,7.324,8.094,102400
hybrid,api/payload/100kb,188,7.05,8.733,9.6,102400
hybrid,api/payload/100kb,189,7.42,8.942,9.591,102400
hybrid,api/payload/100kb,190,6.167,7.704,8.369,102400
hybrid,api/payload/100kb,191,6.514,8.133,8.791,102400
hybrid,api/payload/100kb,192,6.662,8.172,8.81,102400
hybrid,api/payload/100kb,193,10.032,12.486,13.015,102400
hybrid,api/payload/100kb,194,7.099,8.586,9.226,102400
hybrid,api/payload/100kb,195,6.616,8.496,9.2,102400
hybrid,api/payload/100kb,196,7.757,9.366,10.086,102400
hybrid,api/payload/100kb,197,6.711,8.715,9.45,102400
hybrid,api/payload/100kb,198,6.73,10.911,11.519,102400
hybrid,api/payload/100kb,199,6.383,7.862,8.659,102400
hybrid,api/payload/100kb,200,6.505,7.986,8.526,102400
classic,api/payload/1mb,1,6.731,9.656,12.837,1048576
classic,api/payload/1mb,2,6.197,7.758,11.85,1048576
classic,api/payload/1mb,3,6.297,8.517,12.045,1048576
classic,api/payload/1mb,4,7.706,9.524,13.445,1048576
classic,api/payload/1mb,5,7.461,8.953,12.982,1048576
classic,api/payload/1mb,6,6.909,8.599,11.434,1048576
classic,api/payload/1mb,7,7.191,8.891,11.969,1048576
classic,api/payload/1mb,8,6.285,7.969,11.515,1048576
classic,api/payload/1mb,9,5.674,7.358,11.595,1048576
classic,api/payload/1mb,10,6.177,7.624,10.924,1048576
classic,api/payload/1mb,11,6.764,8.263,11.461,1048576
classic,api/payload/1mb,12,6.307,8.036,11.034,1048576
classic,api/payload/1mb,13,6.863,8.368,12.622,1048576
classic,api/payload/1mb,14,7.866,9.697,12.724,1048576
classic,api/payload/1mb,15,7.814,9.339,13.373,1048576
classic,api/payload/1mb,16,7.317,9.002,13.229,1048576
classic,api/payload/1mb,17,6.451,8.104,11.774,1048576
classic,api/payload/1mb,18,8.268,10.148,26.591,1048576
classic,api/payload/1mb,19,6.685,8.685,12.162,1048576
classic,api/payload/1mb,20,6.899,9.095,13.691,1048576
classic,api/payload/1mb,21,7.164,8.975,12.623,1048576
classic,api/payload/1mb,22,7.833,9.337,12.777,1048576
classic,api/payload/1mb,23,8.193,9.878,13.372,1048576
classic,api/payload/1mb,24,7.626,9.304,13.011,1048576
classic,api/payload/1mb,25,7.387,9.075,12.155,1048576
classic,api/payload/1mb,26,7.189,8.953,13.785,1048576
classic,api/payload/1mb,27,7.552,9.3,13.21,1048576
classic,api/payload/1mb,28,7.675,9.224,12.315,1048576
classic,api/payload/1mb,29,7.425,8.964,13.395,1048576
classic,api/payload/1mb,30,7.501,9.13,13.01,1048576
classic,api/payload/1mb,31,7.955,9.72,13.541,1048576
classic,api/payload/1mb,32,7.659,10.021,14.452,1048576
classic,api/payload/1mb,33,7.957,9.581,13.172,1048576
classic,api/payload/1mb,34,7.689,9.318,14.859,1048576
classic,api/payload/1mb,35,6.117,7.632,11.594,1048576
classic,api/payload/1mb,36,6.361,7.939,11.209,1048576
classic,api/payload/1mb,37,5.577,6.987,9.566,1048576
classic,api/payload/1mb,38,6.255,8.171,12.522,1048576
classic,api/payload/1mb,39,7.068,8.633,13.145,1048576
classic,api/payload/1mb,40,6.449,7.774,10.842,1048576
classic,api/payload/1mb,41,5.446,6.795,10.286,1048576
classic,api/payload/1mb,42,6.336,7.902,11.282,1048576
classic,api/payload/1mb,43,6.03,7.65,10.886,1048576
classic,api/payload/1mb,44,5.452,7.185,10.435,1048576
classic,api/payload/1mb,45,6.186,7.915,10.47,1048576
classic,api/payload/1mb,46,5.676,7.117,10.533,1048576
classic,api/payload/1mb,47,5.656,7.146,9.652,1048576
classic,api/payload/1mb,48,6.055,7.62,11.881,1048576
classic,api/payload/1mb,49,5.568,7.183,9.837,1048576
classic,api/payload/1mb,50,5.365,6.874,10.129,1048576
classic,api/payload/1mb,51,6.061,7.536,10.247,1048576
classic,api/payload/1mb,52,5.783,7.275,11.306,1048576
classic,api/payload/1mb,53,7.09,8.997,12.931,1048576
classic,api/payload/1mb,54,8.638,10.539,13.27,1048576
classic,api/payload/1mb,55,6.654,8.133,12.924,1048576
classic,api/payload/1mb,56,5.644,7.159,10.886,1048576
classic,api/payload/1mb,57,5.804,7.471,10.903,1048576
classic,api/payload/1mb,58,7.094,8.953,13.0,1048576
classic,api/payload/1mb,59,7.314,9.029,12.544,1048576
classic,api/payload/1mb,60,6.975,8.542,11.861,1048576
classic,api/payload/1mb,61,5.545,7.062,10.837,1048576
classic,api/payload/1mb,62,5.447,7.123,10.865,1048576
classic,api/payload/1mb,63,6.11,7.836,11.661,1048576
classic,api/payload/1mb,64,5.596,7.168,10.426,1048576
classic,api/payload/1mb,65,5.847,7.684,10.597,1048576
classic,api/payload/1mb,66,6.607,8.427,12.109,1048576
classic,api/payload/1mb,67,6.759,8.457,12.525,1048576
classic,api/payload/1mb,68,7.261,9.031,13.135,1048576
classic,api/payload/1mb,69,6.309,7.982,11.175,1048576
classic,api/payload/1mb,70,6.398,7.667,12.053,1048576
classic,api/payload/1mb,71,6.91,8.703,13.398,1048576
classic,api/payload/1mb,72,7.078,8.764,12.911,1048576
classic,api/payload/1mb,73,8.2,9.982,13.327,1048576
classic,api/payload/1mb,74,7.242,8.993,12.014,1048576
classic,api/payload/1mb,75,7.068,8.606,11.507,1048576
classic,api/payload/1mb,76,6.26,7.938,11.097,1048576
classic,api/payload/1mb,77,6.57,8.229,12.046,1048576
classic,api/payload/1mb,78,7.575,9.206,12.602,1048576
classic,api/payload/1mb,79,7.444,9.059,13.867,1048576
classic,api/payload/1mb,80,7.129,9.046,12.398,1048576
classic,api/payload/1mb,81,7.003,8.552,11.501,1048576
classic,api/payload/1mb,82,5.829,7.565,12.104,1048576
classic,api/payload/1mb,83,8.092,9.747,13.95,1048576
classic,api/payload/1mb,84,6.797,8.286,11.52,1048576
classic,api/payload/1mb,85,6.485,8.175,11.546,1048576
classic,api/payload/1mb,86,6.361,7.957,10.51,1048576
classic,api/payload/1mb,87,7.752,9.423,12.555,1048576
classic,api/payload/1mb,88,6.755,8.787,12.975,1048576
classic,api/payload/1mb,89,7.446,9.012,12.406,1048576
classic,api/payload/1mb,90,7.022,8.844,12.845,1048576
classic,api/payload/1mb,91,6.733,8.699,12.382,1048576
classic,api/payload/1mb,92,7.34,9.416,14.341,1048576
classic,api/payload/1mb,93,7.869,9.616,13.59,1048576
classic,api/payload/1mb,94,8.004,9.872,13.423,1048576
classic,api/payload/1mb,95,7.759,10.087,14.432,1048576
classic,api/payload/1mb,96,8.725,10.381,14.135,1048576
classic,api/payload/1mb,97,9.24,10.953,15.239,1048576
classic,api/payload/1mb,98,9.831,11.43,15.899,1048576
classic,api/payload/1mb,99,9.268,11.012,14.984,1048576
classic,api/payload/1mb,100,8.065,9.864,13.533,1048576
classic,api/payload/1mb,101,7.536,9.106,14.186,1048576
classic,api/payload/1mb,102,7.622,9.487,12.89,1048576
classic,api/payload/1mb,103,6.365,8.097,11.269,1048576
classic,api/payload/1mb,104,7.968,9.635,16.036,1048576
classic,api/payload/1mb,105,7.288,8.978,12.381,1048576
classic,api/payload/1mb,106,6.754,10.656,14.21,1048576
classic,api/payload/1mb,107,6.715,8.344,12.94,1048576
classic,api/payload/1mb,108,7.658,9.191,13.202,1048576
classic,api/payload/1mb,109,7.28,8.861,12.232,1048576
classic,api/payload/1mb,110,7.309,8.934,11.962,1048576
classic,api/payload/1mb,111,7.612,9.222,12.813,1048576
classic,api/payload/1mb,112,8.159,9.649,13.237,1048576
classic,api/payload/1mb,113,6.424,7.862,11.249,1048576
classic,api/payload/1mb,114,6.412,7.975,11.747,1048576
classic,api/payload/1mb,115,7.844,9.618,13.035,1048576
classic,api/payload/1mb,116,7.858,9.558,12.916,1048576
classic,api/payload/1mb,117,6.008,7.638,11.228,1048576
classic,api/payload/1mb,118,5.814,7.384,10.789,1048576
classic,api/payload/1mb,119,6.041,7.466,11.07,1048576
classic,api/payload/1mb,120,6.134,7.827,11.009,1048576
classic,api/payload/1mb,121,6.033,7.615,11.615,1048576
classic,api/payload/1mb,122,6.321,7.791,10.989,1048576
classic,api/payload/1mb,123,7.409,8.77,11.863,1048576
classic,api/payload/1mb,124,5.78,7.143,10.981,1048576
classic,api/payload/1mb,125,8.05,9.683,12.571,1048576
classic,api/payload/1mb,126,6.632,7.964,11.036,1048576
classic,api/payload/1mb,127,7.971,10.256,13.945,1048576
classic,api/payload/1mb,128,6.86,8.375,12.218,1048576
classic,api/payload/1mb,129,6.061,7.663,10.784,1048576
classic,api/payload/1mb,130,5.845,7.402,10.932,1048576
classic,api/payload/1mb,131,5.957,7.466,12.216,1048576
classic,api/payload/1mb,132,8.947,10.371,14.015,1048576
classic,api/payload/1mb,133,6.373,8.112,11.969,1048576
classic,api/payload/1mb,134,5.535,7.751,10.656,1048576
classic,api/payload/1mb,135,5.864,7.439,11.88,1048576
classic,api/payload/1mb,136,5.612,7.208,11.283,1048576
classic,api/payload/1mb,137,8.052,9.379,12.708,1048576
classic,api/payload/1mb,138,7.265,8.967,16.695,1048576
classic,api/payload/1mb,139,7.395,8.913,12.085,1048576
classic,api/payload/1mb,140,5.426,7.279,10.602,1048576
classic,api/payload/1mb,141,6.052,7.592,10.129,1048576
classic,api/payload/1mb,142,5.841,7.172,11.103,1048576
classic,api/payload/1mb,143,6.268,7.876,11.471,1048576
classic,api/payload/1mb,144,5.521,7.096,10.284,1048576
classic,api/payload/1mb,145,6.028,7.507,11.027,1048576
classic,api/payload/1mb,146,6.833,8.501,13.266,1048576
classic,api/payload/1mb,147,6.168,7.475,28.03,1048576
classic,api/payload/1mb,148,6.765,8.47,11.334,1048576
classic,api/payload/1mb,149,5.632,7.032,10.283,1048576
classic,api/payload/1mb,150,6.188,7.657,11.296,1048576
classic,api/payload/1mb,151,6.346,8.093,11.452,1048576
classic,api/payload/1mb,152,5.838,7.283,11.688,1048576
classic,api/payload/1mb,153,5.882,7.879,11.484,1048576
classic,api/payload/1mb,154,6.223,7.811,10.969,1048576
classic,api/payload/1mb,155,6.34,7.939,12.282,1048576
classic,api/payload/1mb,156,5.641,7.208,10.89,1048576
classic,api/payload/1mb,157,6.443,7.995,10.899,1048576
classic,api/payload/1mb,158,6.287,7.991,11.52,1048576
classic,api/payload/1mb,159,6.573,8.572,12.432,1048576
classic,api/payload/1mb,160,7.337,9.081,13.328,1048576
classic,api/payload/1mb,161,7.676,9.267,12.527,1048576
classic,api/payload/1mb,162,7.584,9.34,14.365,1048576
classic,api/payload/1mb,163,7.579,9.481,13.006,1048576
classic,api/payload/1mb,164,7.096,8.609,13.414,1048576
classic,api/payload/1mb,165,7.287,8.832,12.314,1048576
classic,api/payload/1mb,166,7.434,10.474,13.777,1048576
classic,api/payload/1mb,167,6.756,8.356,11.67,1048576
classic,api/payload/1mb,168,6.095,7.974,11.886,1048576
classic,api/payload/1mb,169,7.028,8.743,11.477,1048576
classic,api/payload/1mb,170,7.142,8.77,12.123,1048576
classic,api/payload/1mb,171,6.825,8.528,11.512,1048576
classic,api/payload/1mb,172,6.671,8.398,11.747,1048576
classic,api/payload/1mb,173,6.056,7.464,10.364,1048576
classic,api/payload/1mb,174,5.937,7.649,11.055,1048576
classic,api/payload/1mb,175,5.995,7.443,10.626,1048576
classic,api/payload/1mb,176,7.809,9.247,12.792,1048576
classic,api/payload/1mb,177,6.696,8.188,11.981,1048576
classic,api/payload/1mb,178,8.183,9.845,13.195,1048576
classic,api/payload/1mb,179,7.339,9.138,12.893,1048576
classic,api/payload/1mb,180,7.111,8.825,12.43,1048576
classic,api/payload/1mb,181,5.934,7.566,11.416,1048576
classic,api/payload/1mb,182,9.198,10.633,14.545,1048576
classic,api/payload/1mb,183,7.526,9.326,12.844,1048576
classic,api/payload/1mb,184,6.087,7.755,10.597,1048576
classic,api/payload/1mb,185,6.966,9.013,13.706,1048576
classic,api/payload/1mb,186,7.744,9.661,13.522,1048576
classic,api/payload/1mb,187,5.756,7.569,10.595,1048576
classic,api/payload/1mb,188,6.238,7.839,10.999,1048576
classic,api/payload/1mb,189,5.768,7.297,10.774,1048576
classic,api/payload/1mb,190,6.596,8.048,11.995,1048576
classic,api/payload/1mb,191,5.548,7.018,10.633,1048576
classic,api/payload/1mb,192,5.772,7.211,10.033,1048576
classic,api/payload/1mb,193,5.327,6.757,10.083,1048576
classic,api/payload/1mb,194,5.771,7.336,10.163,1048576
classic,api/payload/1mb,195,5.717,7.179,11.386,1048576
classic,api/payload/1mb,196,6.332,7.82,11.297,1048576
classic,api/payload/1mb,197,6.346,7.965,11.515,1048576
classic,api/payload/1mb,198,6.762,8.439,11.61,1048576
classic,api/payload/1mb,199,6.361,8.145,12.158,1048576
classic,api/payload/1mb,200,5.719,7.245,9.938,1048576
hybrid,api/payload/1mb,1,6.453,7.796,11.172,1048576
hybrid,api/payload/1mb,2,8.066,9.632,12.589,1048576
hybrid,api/payload/1mb,3,7.869,9.42,12.583,1048576
hybrid,api/payload/1mb,4,7.294,8.833,11.62,1048576
hybrid,api/payload/1mb,5,5.771,7.325,10.791,1048576
hybrid,api/payload/1mb,6,7.612,9.239,13.417,1048576
hybrid,api/payload/1mb,7,7.167,8.834,11.448,1048576
hybrid,api/payload/1mb,8,7.531,9.842,12.841,1048576
hybrid,api/payload/1mb,9,6.011,7.578,11.141,1048576
hybrid,api/payload/1mb,10,5.781,7.114,10.716,1048576
hybrid,api/payload/1mb,11,8.003,9.562,13.596,1048576
hybrid,api/payload/1mb,12,7.805,9.434,11.934,1048576
hybrid,api/payload/1mb,13,7.662,9.561,13.011,1048576
hybrid,api/payload/1mb,14,6.19,7.786,10.784,1048576
hybrid,api/payload/1mb,15,5.815,7.216,10.093,1048576
hybrid,api/payload/1mb,16,6.801,8.471,11.596,1048576
hybrid,api/payload/1mb,17,10.263,11.977,14.973,1048576
hybrid,api/payload/1mb,18,8.125,9.793,12.611,1048576
hybrid,api/payload/1mb,19,6.88,8.41,11.036,1048576
hybrid,api/payload/1mb,20,8.479,9.945,12.831,1048576
hybrid,api/payload/1mb,21,9.891,11.67,15.335,1048576
hybrid,api/payload/1mb,22,9.328,11.195,14.093,1048576
hybrid,api/payload/1mb,23,8.737,10.226,13.91,1048576
hybrid,api/payload/1mb,24,10.23,11.83,15.455,1048576
hybrid,api/payload/1mb,25,8.396,9.956,13.032,1048576
hybrid,api/payload/1mb,26,8.108,9.761,13.119,1048576
hybrid,api/payload/1mb,27,8.76,10.43,13.581,1048576
hybrid,api/payload/1mb,28,8.654,10.119,13.812,1048576
hybrid,api/payload/1mb,29,8.657,10.379,13.856,1048576
hybrid,api/payload/1mb,30,8.322,9.837,13.391,1048576
hybrid,api/payload/1mb,31,9.549,11.38,15.233,1048576
hybrid,api/payload/1mb,32,6.772,8.368,11.538,1048576
hybrid,api/payload/1mb,33,6.166,7.703,11.142,1048576
hybrid,api/payload/1mb,34,7.495,9.0,12.067,1048576
hybrid,api/payload/1mb,35,8.997,11.091,15.057,1048576
hybrid,api/payload/1mb,36,7.776,9.388,14.534,1048576
hybrid,api/payload/1mb,37,9.338,11.061,14.467,1048576
hybrid,api/payload/1mb,38,9.556,11.228,14.247,1048576
hybrid,api/payload/1mb,39,9.374,11.007,15.353,1048576
hybrid,api/payload/1mb,40,6.575,8.409,12.109,1048576
hybrid,api/payload/1mb,41,7.641,9.132,13.223,1048576
hybrid,api/payload/1mb,42,7.336,9.004,13.498,1048576
hybrid,api/payload/1mb,43,7.754,9.216,12.435,1048576
hybrid,api/payload/1mb,44,6.199,7.533,11.111,1048576
hybrid,api/payload/1mb,45,6.176,7.832,12.772,1048576
hybrid,api/payload/1mb,46,7.461,9.036,12.044,1048576
hybrid,api/payload/1mb,47,7.183,8.886,12.039,1048576
hybrid,api/payload/1mb,48,6.821,8.542,11.708,1048576
hybrid,api/payload/1mb,49,7.124,8.855,12.669,1048576
hybrid,api/payload/1mb,50,8.406,10.028,13.32,1048576
hybrid,api/payload/1mb,51,8.29,9.922,13.339,1048576
hybrid,api/payload/1mb,52,8.248,10.011,13.55,1048576
hybrid,api/payload/1mb,53,6.441,7.907,11.665,1048576
hybrid,api/payload/1mb,54,6.851,8.347,11.802,1048576
hybrid,api/payload/1mb,55,9.693,11.712,14.898,1048576
hybrid,api/payload/1mb,56,8.625,10.575,14.484,1048576
hybrid,api/payload/1mb,57,7.774,9.557,12.995,1048576
hybrid,api/payload/1mb,58,5.845,7.339,10.204,1048576
hybrid,api/payload/1mb,59,7.921,9.651,12.918,1048576
hybrid,api/payload/1mb,60,7.968,9.637,13.243,1048576
hybrid,api/payload/1mb,61,7.804,9.235,13.334,1048576
hybrid,api/payload/1mb,62,6.683,8.309,11.003,1048576
hybrid,api/payload/1mb,63,6.068,7.623,11.302,1048576
hybrid,api/payload/1mb,64,5.939,7.454,9.931,1048576
hybrid,api/payload/1mb,65,5.883,7.42,10.304,1048576
hybrid,api/payload/1mb,66,6.838,8.43,12.469,1048576
hybrid,api/payload/1mb,67,6.414,8.045,11.916,1048576
hybrid,api/payload/1mb,68,5.944,7.299,10.134,1048576
hybrid,api/payload/1mb,69,6.262,7.926,10.811,1048576
hybrid,api/payload/1mb,70,8.467,10.413,13.31,1048576
hybrid,api/payload/1mb,71,7.588,9.262,12.006,1048576
hybrid,api/payload/1mb,72,7.03,8.532,12.116,1048576
hybrid,api/payload/1mb,73,7.681,9.287,12.435,1048576
hybrid,api/payload/1mb,74,8.403,10.052,13.187,1048576
hybrid,api/payload/1mb,75,5.827,7.299,11.105,1048576
hybrid,api/payload/1mb,76,6.001,7.213,11.056,1048576
hybrid,api/payload/1mb,77,6.335,7.804,11.337,1048576
hybrid,api/payload/1mb,78,6.105,7.46,10.957,1048576
hybrid,api/payload/1mb,79,6.475,7.78,10.786,1048576
hybrid,api/payload/1mb,80,6.218,7.601,10.956,1048576
hybrid,api/payload/1mb,81,6.001,7.285,10.201,1048576
hybrid,api/payload/1mb,82,5.988,7.411,10.936,1048576
hybrid,api/payload/1mb,83,7.192,19.054,21.711,1048576
hybrid,api/payload/1mb,84,6.82,8.461,11.525,1048576
hybrid,api/payload/1mb,85,7.671,8.904,12.532,1048576
hybrid,api/payload/1mb,86,7.818,9.287,12.116,1048576
hybrid,api/payload/1mb,87,7.514,9.484,13.337,1048576
hybrid,api/payload/1mb,88,7.605,9.124,13.393,1048576
hybrid,api/payload/1mb,89,7.847,9.251,12.539,1048576
hybrid,api/payload/1mb,90,7.86,9.313,12.685,1048576
hybrid,api/payload/1mb,91,6.571,8.154,12.266,1048576
hybrid,api/payload/1mb,92,6.83,8.375,11.876,1048576
hybrid,api/payload/1mb,93,5.498,7.019,10.129,1048576
hybrid,api/payload/1mb,94,7.107,8.893,14.184,1048576
hybrid,api/payload/1mb,95,7.755,9.23,12.902,1048576
hybrid,api/payload/1mb,96,8.696,10.127,13.2,1048576
hybrid,api/payload/1mb,97,6.508,7.924,11.179,1048576
hybrid,api/payload/1mb,98,5.559,6.848,10.409,1048576
hybrid,api/payload/1mb,99,7.153,8.684,11.346,1048576
hybrid,api/payload/1mb,100,6.426,7.887,11.983,1048576
hybrid,api/payload/1mb,101,7.207,9.219,12.249,1048576
hybrid,api/payload/1mb,102,6.885,8.529,11.347,1048576
hybrid,api/payload/1mb,103,6.39,7.636,11.766,1048576
hybrid,api/payload/1mb,104,7.062,8.744,14.196,1048576
hybrid,api/payload/1mb,105,7.154,8.891,12.577,1048576
hybrid,api/payload/1mb,106,8.799,10.549,16.841,1048576
hybrid,api/payload/1mb,107,7.777,9.383,12.993,1048576
hybrid,api/payload/1mb,108,7.808,9.176,12.617,1048576
hybrid,api/payload/1mb,109,7.563,8.92,11.264,1048576
hybrid,api/payload/1mb,110,7.111,8.602,11.918,1048576
hybrid,api/payload/1mb,111,7.474,9.806,13.322,1048576
hybrid,api/payload/1mb,112,6.634,8.211,11.828,1048576
hybrid,api/payload/1mb,113,8.003,9.93,13.116,1048576
hybrid,api/payload/1mb,114,6.816,8.505,12.816,1048576
hybrid,api/payload/1mb,115,9.954,12.414,16.041,1048576
hybrid,api/payload/1mb,116,6.733,8.582,12.253,1048576
hybrid,api/payload/1mb,117,6.592,8.545,11.216,1048576
hybrid,api/payload/1mb,118,7.98,9.764,13.175,1048576
hybrid,api/payload/1mb,119,8.418,9.838,12.635,1048576
hybrid,api/payload/1mb,120,8.36,10.327,14.023,1048576
hybrid,api/payload/1mb,121,7.938,9.564,12.36,1048576
hybrid,api/payload/1mb,122,6.236,7.665,11.623,1048576
hybrid,api/payload/1mb,123,8.238,10.033,13.393,1048576
hybrid,api/payload/1mb,124,7.891,9.294,13.311,1048576
hybrid,api/payload/1mb,125,6.676,8.652,12.14,1048576
hybrid,api/payload/1mb,126,7.865,9.471,13.965,1048576
hybrid,api/payload/1mb,127,7.548,8.948,12.213,1048576
hybrid,api/payload/1mb,128,7.486,9.072,12.652,1048576
hybrid,api/payload/1mb,129,7.306,8.798,12.673,1048576
hybrid,api/payload/1mb,130,8.338,10.174,14.802,1048576
hybrid,api/payload/1mb,131,6.266,7.829,10.152,1048576
hybrid,api/payload/1mb,132,7.947,9.509,12.88,1048576
hybrid,api/payload/1mb,133,9.395,11.001,16.537,1048576
hybrid,api/payload/1mb,134,7.551,9.229,13.02,1048576
hybrid,api/payload/1mb,135,7.389,9.665,12.691,1048576
hybrid,api/payload/1mb,136,6.871,8.345,12.866,1048576
hybrid,api/payload/1mb,137,7.854,9.605,13.366,1048576
hybrid,api/payload/1mb,138,6.63,8.134,12.061,1048576
hybrid,api/payload/1mb,139,6.838,8.479,11.734,1048576
hybrid,api/payload/1mb,140,7.078,8.61,11.822,1048576
hybrid,api/payload/1mb,141,6.765,8.424,12.063,1048576
hybrid,api/payload/1mb,142,7.819,9.385,12.115,1048576
hybrid,api/payload/1mb,143,8.2,10.359,14.345,1048576
hybrid,api/payload/1mb,144,8.826,10.5,13.565,1048576
hybrid,api/payload/1mb,145,6.613,8.286,11.047,1048576
hybrid,api/payload/1mb,146,7.075,8.522,12.509,1048576
hybrid,api/payload/1mb,147,7.838,9.306,12.588,1048576
hybrid,api/payload/1mb,148,8.364,9.863,14.824,1048576
hybrid,api/payload/1mb,149,6.899,8.45,11.924,1048576
hybrid,api/payload/1mb,150,6.392,8.135,12.447,1048576
hybrid,api/payload/1mb,151,6.789,8.422,10.987,1048576
hybrid,api/payload/1mb,152,8.694,10.257,13.92,1048576
hybrid,api/payload/1mb,153,8.435,10.0,13.371,1048576
hybrid,api/payload/1mb,154,8.631,10.46,14.949,1048576
hybrid,api/payload/1mb,155,6.939,8.442,10.944,1048576
hybrid,api/payload/1mb,156,6.169,7.609,16.269,1048576
hybrid,api/payload/1mb,157,7.737,9.122,12.31,1048576
hybrid,api/payload/1mb,158,8.097,9.623,12.063,1048576
hybrid,api/payload/1mb,159,5.805,7.192,9.843,1048576
hybrid,api/payload/1mb,160,5.856,7.218,11.106,1048576
hybrid,api/payload/1mb,161,7.759,9.171,12.418,1048576
hybrid,api/payload/1mb,162,7.571,9.027,12.968,1048576
hybrid,api/payload/1mb,163,7.568,9.03,12.766,1048576
hybrid,api/payload/1mb,164,6.268,7.629,11.308,1048576
hybrid,api/payload/1mb,165,6.654,8.235,11.352,1048576
hybrid,api/payload/1mb,166,7.899,9.634,15.542,1048576
hybrid,api/payload/1mb,167,7.081,9.554,13.446,1048576
hybrid,api/payload/1mb,168,8.794,10.532,13.073,1048576
hybrid,api/payload/1mb,169,6.527,7.918,10.94,1048576
hybrid,api/payload/1mb,170,7.918,9.488,13.627,1048576
hybrid,api/payload/1mb,171,7.883,9.53,16.451,1048576
hybrid,api/payload/1mb,172,8.342,9.922,13.25,1048576
hybrid,api/payload/1mb,173,7.429,8.922,12.809,1048576
hybrid,api/payload/1mb,174,5.915,7.236,11.212,1048576
hybrid,api/payload/1mb,175,7.87,9.318,13.339,1048576
hybrid,api/payload/1mb,176,7.81,9.623,13.551,1048576
hybrid,api/payload/1mb,177,7.619,9.214,12.342,1048576
hybrid,api/payload/1mb,178,6.126,7.557,10.231,1048576
hybrid,api/payload/1mb,179,6.845,8.23,13.448,1048576
hybrid,api/payload/1mb,180,6.557,8.119,11.4,1048576
hybrid,api/payload/1mb,181,6.638,7.941,10.728,1048576
hybrid,api/payload/1mb,182,6.079,7.369,10.802,1048576
hybrid,api/payload/1mb,183,6.959,8.546,10.963,1048576
hybrid,api/payload/1mb,184,6.768,8.021,11.768,1048576
hybrid,api/payload/1mb,185,8.14,10.043,13.614,1048576
hybrid,api/payload/1mb,186,7.996,9.622,13.186,1048576
hybrid,api/payload/1mb,187,7.836,9.272,12.059,1048576
hybrid,api/payload/1mb,188,6.505,8.312,12.039,1048576
hybrid,api/payload/1mb,189,6.392,8.056,12.029,1048576
hybrid,api/payload/1mb,190,6.235,8.055,10.784,1048576
hybrid,api/payload/1mb,191,6.779,8.694,12.576,1048576
hybrid,api/payload/1mb,192,8.468,10.361,13.782,1048576
hybrid,api/payload/1mb,193,6.647,8.367,10.747,1048576
hybrid,api/payload/1mb,194,6.305,7.994,11.447,1048576
hybrid,api/payload/1mb,195,6.545,8.226,10.712,1048576
hybrid,api/payload/1mb,196,6.246,7.81,11.57,1048576
hybrid,api/payload/1mb,197,6.685,8.2,11.468,1048576
hybrid,api/payload/1mb,198,7.515,9.229,13.611,1048576
hybrid,api/payload/1mb,199,5.927,7.684,10.79,1048576
hybrid,api/payload/1mb,200,6.961,8.621,11.565,1048576
